handle,status,subs,posts,period,hiring,hiring_niche,samples
blog_toxa,ok,4.32K,20,2026-06-06…2026-09-19,1,0,Обновление Алисы AI
busy_bee_vishnevskaya,ok,4.4K,14,2026-08-21…2026-10-01,1,0,"Как искать работу, когда ты давно в профессии"
ngitsmylife,ok,4.52K,20,2026-06-28…2026-09-30,1,0,"AI: отставить FOMO, включить любопытство"
tired_glebmikheev,ok,17.3K,20,2026-09-17…2026-10-01,0,0,
maltsevprosto,ok,10.4K,20,2026-01-21…2026-09-25,1,0,Как сменить команду в компании: гайд по ротациям
peachyleader,ok,4.1K,20,2026-06-22…2026-09-24,0,0,
teamleading,ok,3.55K,20,2026-07-03…2026-09-30,0,0,
milaivy,ok,3.51K,15,2026-06-23…2026-09-23,0,0,
bykovdigital,ok,3.3K,20,2026-08-13…2026-10-01,0,0,
leysan_answers,ok,2.86K,9,2026-08-07…2026-10-01,0,0,
qagarage,ok,2.8K,20,2025-10-19…2026-08-24,0,0,
makeev_sexiIT,ok,2.46K,19,2026-04-27…2026-09-24,0,0,
Khorenyan,ok,2.52K,14,2026-08-14…2026-09-19,0,0,
boombah_in_da_house,ok,1.67K,20,2026-07-31…2026-09-26,0,0,
teolog_marketolog_channel,ok,1.35K,15,2026-09-26…2026-10-01,0,0,
meet_egorov,ok,1.58K,12,2026-09-27…2026-10-01,0,0,
ai4bus,ok,1.07K,16,2026-08-07…2026-10-01,0,0,
ulshinblog,ok,3.21K,20,2026-08-28…2026-09-30,0,0,
invest_to_head,ok,881,14,2026-09-07…2026-10-01,0,0,
mishanga_channel,ok,880,20,2026-04-20…2026-09-23,1,0,https://www.rbc.ru/technology_and_media/07/07/2026/6a4d27999a794719c50677c7
oo_ilin,ok,468,16,2026-07-18…2026-10-01,0,0,
dmitriy_movchan_pro_it,ok,460,10,2025-08-14…2026-09-14,0,0,
another_mvp,ok,399,19,2025-11-28…2026-01-24,0,0,
FromRon,ok,366,18,2025-07-14…2026-04-23,0,0,
threetaskproblem,ok,339,20,2026-03-21…2026-10-01,0,0,
a_baganova,не канал,,,,,,
a_glkhv,не канал,,,,,,
a_golovanev,не канал,,,,,,
a2wars,ok,533,17,2026-09-13…2026-10-01,0,0,
a_milyakov,ok,1.63K,17,2026-06-08…2026-09-26,0,0,
aa_andreevnaa,не канал,,,,,,
aa_blond_1,не канал,,,,,,
a_politichnaya_kolodyazhnaya,ok,55,16,2026-06-28…2026-09-29,0,0,
aaareeed,не канал,,,,,,
aaplyhq,не канал,,,,,,
abd_kun,не канал,,,,,,
abd_id_shopmarket,ok,10,19,2024-09-20…2024-10-24,0,0,
ababitskiy,ok,78,15,2025-04-04…2025-07-14,0,0,
abletooai,ok,57,19,2026-04-28…2026-09-22,1,0,"Нельзя решить проблему там, где человек сам себе ее создает"
able_plus,ok,1.55K,16,2026-07-31…2026-10-01,0,0,
about_assistans,ok,2.36K,20,2026-01-29…2026-09-17,11,1,Вакансия: бизнес-ассистент | #вакансия | #вакансия
about_teems,ok,158,17,2025-08-26…2026-04-10,2,0,"Кейс: Ассистент для «Живая Сталь» — подбор за 9 дней | Сейчас активно работаем с обратной связью от клиентов по аренде, слушаем, добавл"
aboutvasileva,не канал,,,,,,
about_webdev,ok,53,19,2025-05-04…2026-09-11,0,0,
abramov,не канал,,,,,,
abramkovagd,ok,118,11,2025-04-16…2025-11-03,0,0,
abramova_irina,не канал,,,,,,
abrovko,не канал,,,,,,
acgtnmdzl,не канал,,,,,,
acidkicker,не канал,,,,,,
adels_pinterest,не канал,,,,,,
acimonopyh,ok,107,20,2025-09-30…2026-05-09,0,0,
adhdima,ok,170,8,2026-06-30…2026-07-17,0,0,
add_talks_club,ok,367,18,2026-02-09…2026-07-21,0,0,
adsmysl,ok,150,12,2026-07-19…2026-09-29,0,0,
adsuleymanov,не канал,,,,,,
adventures_experiments,ok,197,18,2026-09-16…2026-09-25,1,0,"В 4:00 утра — блок доступов, в 5:00 — удаление из Slack, в 6:00 — письмо «Адьёс»"
advizorsru,ok,61,20,2026-04-27…2026-09-24,0,0,
aechekushina,не канал,,,,,,
aefls,не канал,,,,,,
advokat_luzgina,ok,157,10,2026-06-18…2026-09-21,0,0,
aekazmin,не канал,,,,,,
aff__alina,не канал,,,,,,
aff_alina_1w,не канал,,,,,,
afonix,не канал,,,,,,
aghion_rita,не канал,,,,,,
agile_projects,ok,378,16,2025-09-16…2026-02-12,1,0,"Ну что, шестой рабочий день пошёл?"
agpvvids,не канал,,,,,,
agreementhub,не канал,,,,,,
ah_annyshka,не канал,,,,,,
agilecareer,ok,7.35K,17,2026-03-23…2026-09-10,1,0,JTBD-исследование: ищем тот самый продукт для своей аудитории
ai_bolshakov,не канал,,,,,,
aiankusheva,не канал,,,,,,
ai_branding,ok,63,12,2026-01-06…2026-09-18,0,0,
ai_forge,ok,258,17,2025-04-10…2026-09-28,0,0,
aiborisova,не канал,,,,,,
aiar_pm_in_it,ok,18,16,2025-10-21…2025-11-27,0,0,
aikhan_dev,не канал,,,,,,
aimartynov,не канал,,,,,,
aidrevolazi,ok,438,18,2026-07-27…2026-09-25,0,0,
aix007,не канал,,,,,,
aka_allhr,не канал,,,,,,
aixproductdesign,ok,41,20,2026-04-22…2026-09-27,0,0,
ak_premier,ok,28,4,2026-09-25…2026-10-01,0,0,
akimova_team,ok,248,19,2026-08-13…2026-09-29,0,0,
akfocus,ok,90,20,2024-07-30…2025-08-03,0,0,
akses_target,не канал,,,,,,
aladysheff,не канал,,,,,,
aks2dio,ok,492,20,2026-01-21…2026-09-28,0,0,
alastaraven,не канал,,,,,,
albina_shakirova,не канал,,,,,,
alcyria,не канал,,,,,,
alaviyamarketing,ok,163,9,2024-09-06…2025-08-21,0,0,
aleksandra_pony_day,не канал,,,,,,
albertwrites,ok,201,5,2026-08-17…2026-09-13,0,0,
aleksandrBKkeys,ok,42,14,2025-12-27…2026-09-25,0,0,
aleksandrchistov,не канал,,,,,,
aleksasg,не канал,,,,,,
aleksandrtregub,не канал,,,,,,
aleksei_shashev,не канал,,,,,,
aleksey_telsis,не канал,,,,,,
alekseibankrot,ok,69,20,2024-12-13…2025-02-22,0,0,
alekszhuravlev,не канал,,,,,,
alekseiiagnlife,ok,157,12,2025-09-10…2025-11-22,0,0,
alekseyaniko_ot_idei_do,ok,173,12,2026-05-07…2026-09-18,0,0,
alenagolochalova,не канал,,,,,,
alena_bond_pro,ok,180,19,2026-04-08…2026-10-01,0,0,
alena_writes_smth,ok,181,12,2026-07-19…2026-09-29,0,0,
alenazaytsevahr,ok,579,14,2026-07-21…2026-09-29,2,0,"Если вы собирались менять работу, | Почему поиск работы затягивается на месяцы?"
alenka7665,не канал,,,,,,
alepan_1,не канал,,,,,,
alex5mkh,не канал,,,,,,
alex_agasper,не канал,,,,,,
alex_duga,не канал,,,,,,
alex_pismennaya,не канал,,,,,,
alex_khvan,ok,546,20,2025-07-13…2026-01-22,0,0,
alex_ryumin,не канал,,,,,,
alexander_gukin,не канал,,,,,,
alexander_z_v,не канал,,,,,,
alexanderbabiy,не канал,,,,,,
alexanderlaz,не канал,,,,,,
alexanderlesnoy,не канал,,,,,,
alexandra_valeks,не канал,,,,,,
alexandraa_bykova,не канал,,,,,,
alexandrakononenko,не канал,,,,,,
alexandrova_natalia_coaching,не канал,,,,,,
alexcheck,не канал,,,,,,
alexandrknyazev86,ok,441,15,2026-09-19…2026-10-01,0,0,
alexeivp,не канал,,,,,,
alexavoguevoyage,ok,295,5,2026-03-03…2026-03-08,0,0,
alexekor,не канал,,,,,,
alexereh,не канал,,,,,,
alexey_panin,не канал,,,,,,
alexey_tplk,не канал,,,,,,
alexeyabyzov,не канал,,,,,,
alexeyrudyaev,не канал,,,,,,
alexfrukta,не канал,,,,,,
alexeyitru,ok,1.93K,20,2026-04-15…2026-10-01,0,0,
alexgazizov,не канал,,,,,,
alexgulinov,не канал,,,,,,
alexizotova,не канал,,,,,,
alexlisman,не канал,,,,,,
alexov,не канал,,,,,,
alexr_marketing,не канал,,,,,,
alexkornevhronos,ok,30,20,2025-06-26…2026-06-30,0,0,
alextsay92,не канал,,,,,,
alililive,не канал,,,,,,
alimova_dll,не канал,,,,,,
alievtalk,ok,586,10,2026-09-14…2026-10-01,2,0,Вечерний дайджест вакансий! Неделя 7 сентября — 13 сентября. Вся информация в ка | Всем доброго вторничного утра! Я к вам с еженедельным дайджестом вакансий за про
alina_sheyk,не канал,,,,,,
alinmalinkaa,не канал,,,,,,
alionalex,не канал,,,,,,
alisa_chen,не канал,,,,,,
alisalpeeva,не канал,,,,,,
alisha_lisha,не канал,,,,,,
alisonforman,не канал,,,,,,
alkali666,ok,61,3,2023-05-08…2026-05-08,0,0,
allanikishina,не канал,,,,,,
alllullla,не канал,,,,,,
allmatrosova,не канал,,,,,,
allo_support_101,не канал,,,,,,
almazidiyatshin,не канал,,,,,,
almostthereit,не канал,,,,,,
alpeevapro,не канал,,,,,,
alpo_psychology,не канал,,,,,,
alto_ai,не канал,,,,,,
alvaxas,не канал,,,,,,
alya,не канал,,,,,,
alyatkach,не канал,,,,,,
alyona_belyakova,не канал,,,,,,
alwaysfocusonyourself,ok,255,12,2026-01-07…2026-09-18,0,0,
alyona_mikhailovna,не канал,,,,,,
amaride,не канал,,,,,,
amayantsev,не канал,,,,,,
amlv_talk,не канал,,,,,,
amordachev,не канал,,,,,,
amigukaty,ok,9,12,2024-07-02…2026-01-05,0,0,
an_best,не канал,,,,,,
an_bestt,не канал,,,,,,
anakurai,не канал,,,,,,
analaiml,ok,55,19,2026-07-07…2026-08-25,0,0,
analitika_market_place,ok,187,20,2025-01-16…2025-04-28,0,0,
analitikza30,не канал,,,,,,
analitika_trend,ok,423,13,2026-08-17…2026-09-25,0,0,
analyst_and_order,ok,270,20,2026-01-13…2026-07-22,0,0,
analyst_is_not_analyst,ok,2,12,2024-06-16…2025-06-18,0,0,
analytics_and_magic,ok,103,19,2025-08-25…2026-01-04,0,0,
analytics_career,ok,2.76K,20,2025-02-13…2026-05-12,0,0,
anastas_param,не канал,,,,,,
anastasalex,не канал,,,,,,
anastasia_dezinf,не канал,,,,,,
anastasia_grimi,не канал,,,,,,
anastasia_just,не канал,,,,,,
anastasia_kedo,не канал,,,,,,
amdiyernest_chanel,не канал,,,,,,
anastasiagodunna,ok,331,11,2026-08-06…2026-09-30,0,0,
anastasiagustova,не канал,,,,,,
anastasiapokid,не канал,,,,,,
anastasiiaplo,не канал,,,,,,
anastasiya_filipyeva,не канал,,,,,,
anaztasiakis,не канал,,,,,,
andreeva_hrd,не канал,,,,,,
andrew0320,не канал,,,,,,
andrew_sha256,не канал,,,,,,
andrewintelege,не канал,,,,,,
andrewisdesign,не канал,,,,,,
andrey_chernykh_888,не канал,,,,,,
andreyb25,не канал,,,,,,
andrey_tsymbal,не канал,,,,,,
andreydavidson,ok,343,17,2026-08-18…2026-09-26,0,0,
andreyefremoff,не канал,,,,,,
andreyl912,не канал,,,,,,
andynorton,не канал,,,,,,
android_under_the_hood,ok,1.53K,18,2025-06-29…2026-09-27,0,0,
andythebest,не канал,,,,,,
angelika_kosta,не канал,,,,,,
angelexmachina,ok,37,15,2026-08-11…2026-09-24,0,0,
anernotes,ok,382,16,2026-07-31…2026-09-28,0,0,
angelina_mardi,не канал,,,,,,
angelpocherk,ok,1.91K,20,2026-08-26…2026-10-01,0,0,
angii_liina,не канал,,,,,,
angrygopher,не канал,,,,,,
angeltdesign,ok,1.5K,12,2026-07-07…2026-09-16,0,0,
anheliot1,ok,174,9,2026-05-21…2026-09-08,0,0,
anicelika_w,не канал,,,,,,
anisimov_alexander,не канал,,,,,,
anmoson,не канал,,,,,,
ann_reas,не канал,,,,,,
anna_agnesss,не канал,,,,,,
ann_vashr,не канал,,,,,,
anna_osanova,не канал,,,,,,
anna_gurevich_PsyHR,ok,2.1K,13,2026-08-28…2026-09-29,0,0,
annaalekseeva_pro,не канал,,,,,,
annalizapersonalbrand,не канал,,,,,,
annalomakinaa,не канал,,,,,,
annapolovnikova75,не канал,,,,,,
annareportertextbox,не канал,,,,,,
annculture,не канал,,,,,,
annnmmay,не канал,,,,,,
anninstart,не канал,,,,,,
annnnncha,не канал,,,,,,
annproraboty,не канал,,,,,,
annstaz,не канал,,,,,,
anokhn_zip,не канал,,,,,,
ansomasor,не канал,,,,,,
ansts_motion,не канал,,,,,,
ant0ngr0m0v,не канал,,,,,,
antdades,не канал,,,,,,
anti671,не канал,,,,,,
anton_avseller,не канал,,,,,,
antgroup2004,ok,1.22K,19,2026-09-15…2026-10-01,0,0,
antonlsv,не канал,,,,,,
antony_mode,не канал,,,,,,
antonzhilin83,не канал,,,,,,
antzim_in,не канал,,,,,,
anu4ok,не канал,,,,,,
anya_reference,не канал,,,,,,
anyapister_channel,ok,2.12K,8,2026-09-14…2026-09-28,1,0,"Плюсы эффективных программ — о них почти не нужно рассказывать тут, тк все закры"
anyavayti,ok,65,14,2026-07-06…2026-09-30,0,0,
anywaymary,не канал,,,,,,
aok_100,не канал,,,,,,
aomasterpiece,не канал,,,,,,
aplyutikova,не канал,,,,,,
apozdneev,не канал,,,,,,
aprtnv,не канал,,,,,,
aquecola,не канал,,,,,,
apollon0307,ok,136,13,2026-03-09…2026-09-08,0,0,
arain_builin,не канал,,,,,,
arcane_live,не канал,,,,,,
archiesup,не канал,,,,,,
ardash_portfolio,не канал,,,,,,
archproduct,ok,127,20,2026-07-29…2026-10-01,0,0,
arepjov,не канал,,,,,,
aremeslennikov,ok,362,18,2025-12-31…2026-09-09,0,0,
arhiilya,не канал,,,,,,
arhy1368,не канал,,,,,,
aricreate,не канал,,,,,,
arinafrilans_1,не канал,,,,,,
arinakonst,не канал,,,,,,
arinakarunus,не канал,,,,,,
arininilja,не канал,,,,,,
arisha_zavyalova,не канал,,,,,,
arkhipov_changes,не канал,,,,,,
arintutdelo,ok,414,20,2026-09-11…2026-10-01,0,0,
arrrdrrrr,не канал,,,,,,
armarkova,не канал,,,,,,
arsen_papikyan,не канал,,,,,,
art_be_k,не канал,,,,,,
art_lenochek,ok,1,3,2026-07-26…2026-07-26,0,0,
art_rom,не канал,,,,,,
artembay1,ok,220,20,2026-08-03…2026-10-01,0,0,
artemcode_newcode,не канал,,,,,,
artemiynotes,не канал,,,,,,
artemkaa1,не канал,,,,,,
artemkalachihin,не канал,,,,,,
artemnishov,не канал,,,,,,
artemkucherov,ok,2.45K,9,2026-06-17…2026-07-10,0,0,
artemushanovblog,ok,150,20,2026-09-14…2026-10-01,0,0,
artgeneracia,не канал,,,,,,
arthurh1gh,не канал,,,,,,
artiomgulyuta,не канал,,,,,,
artmmr,не канал,,,,,,
artur_done,не канал,,,,,,
artvorobyov_port,не канал,,,,,,
artspaceonline,ok,534,14,2026-09-04…2026-09-29,0,0,
artyom726,не канал,,,,,,
artyushindenis,не канал,,,,,,
artzona_case,не канал,,,,,,
arvid_p1sms,не канал,,,,,,
aseriks,не канал,,,,,,
ash_design,не канал,,,,,,
ashabunov,не канал,,,,,,
ashomko,не канал,,,,,,
ash_digitalforit,ok,2.66K,14,2026-07-31…2026-09-28,0,0,
asik_ik,не канал,,,,,,
asket_aav,не канал,,,,,,
asminojka,не канал,,,,,,
asssiddesign,ok,131,15,2026-01-27…2026-08-13,0,0,
asvishnya,не канал,,,,,,
asyazhgi_vl,не канал,,,,,,
asya_melamud,ok,175,20,2025-10-28…2026-09-28,0,0,
atelierrufia,ok,536,19,2026-06-03…2026-10-01,0,0,
atero_zl,не канал,,,,,,
athena_smoke,не канал,,,,,,
atjd7,не канал,,,,,,
atlasofthesoul,не канал,,,,,,
atmedia_agency,не канал,,,,,,
augustinebless,не канал,,,,,,
atorbek_it,ok,1.72K,11,2026-05-15…2026-09-16,0,0,
atuteto,ok,261,19,2024-07-05…2025-06-05,0,0,
authentic_marketolog,ok,57,20,2026-01-01…2026-09-25,0,0,
autoritarno,не канал,,,,,,
automatisator,ok,902,20,2026-07-22…2026-09-27,0,0,
autotrader_ru,не канал,,,,,,
avato,не канал,,,,,,
avedemish,ok,148,20,2026-02-20…2026-09-08,0,0,
avolkova317,не канал,,,,,,
avkrotova,ok,65,5,2026-09-04…2026-09-21,0,0,
avr_03,не канал,,,,,,
avto_msk77,ok,997,8,2025-09-20…2026-08-23,0,0,
axeproject,не канал,,,,,,
avtomehneh,не канал,,,,,,
azaliakham,не канал,,,,,,
b2bekb,не канал,,,,,,
b_frontend,не канал,,,,,,
ba_lab,ok,367,20,2025-10-30…2026-08-11,0,0,
babyfriendly,ok,30.2K,8,2026-09-30…2026-10-01,0,0,
backend_in_action,не канал,,,,,,
baba_anya_play_time,ok,60,9,2026-07-19…2026-09-22,0,0,
badtechproject,ok,14.3K,14,2026-09-23…2026-09-30,1,0,"Вы зацените, какую красотищу команда TechPR’а Авито подготовила для спикеров!"
bagretsovsergey_dsg,не канал,,,,,,
bajadelya,не канал,,,,,,
balnasta,не канал,,,,,,
baldvanya,ok,124,10,2026-04-13…2026-08-19,0,0,
bank_dlya_svoih,не канал,,,,,,
baraboshin,не канал,,,,,,
barbyqs,не канал,,,,,,
barin_brothers,не канал,,,,,,
barkovbb,не канал,,,,,,
basa_analysis,не канал,,,,,,
bashits,не канал,,,,,,
battleinthewater,не канал,,,,,,
bazdura,не канал,,,,,,
bboyblk,не канал,,,,,,
bbollerroom,ok,3.69K,6,2026-09-23…2026-10-01,0,0,
bdmitrytg,не канал,,,,,,
bearsmind,ok,283,9,2026-04-27…2026-09-30,0,0,
be_trained,ok,1.19K,19,2026-09-15…2026-10-01,0,0,
beletskytrends,не канал,,,,,,
beginnermp,ok,8,19,2024-09-27…2025-06-14,0,0,
beautyinit,ok,1.69K,7,2026-09-24…2026-10-01,0,0,
beliuss,не канал,,,,,,
bellasearch,не канал,,,,,,
belolapotkova_d,не канал,,,,,,
belov_ilya_an,не канал,,,,,,
belozerrr,не канал,,,,,,
ber_ezkin,не канал,,,,,,
berdnikmiss,не канал,,,,,,
berezhinss,не канал,,,,,,
berezin_yaroslav,не канал,,,,,,
berezhny_put,ok,214,20,2026-08-17…2026-09-30,0,0,
bergamocat,не канал,,,,,,
beshablona,не канал,,,,,,
better_vars,не канал,,,,,,
beyond_pixels,ok,923,20,2026-02-19…2026-09-28,0,0,
bezmaskichannel,не канал,,,,,,
bezdelca,ok,833,10,2026-09-09…2026-09-29,0,0,
bezl_cifr,ok,31,18,2026-08-10…2026-10-01,0,0,
bezpanikiit,ok,1.42K,20,2026-09-16…2026-10-01,0,0,
bezvairos,не канал,,,,,,
big_people,не канал,,,,,,
big_data_systems_analysis,ok,301,18,2025-12-19…2026-07-28,0,0,
bigdata_house,ok,37,13,2026-05-06…2026-09-15,0,0,
binaress,не канал,,,,,,
binary_file,не канал,,,,,,
biulent,не канал,,,,,,
bjornanny,не канал,,,,,,
bkoychakaeva,не канал,,,,,,
blackvas,не канал,,,,,,
blago_darina,не канал,,,,,,
blagodarnov,не канал,,,,,,
blastbeggar,не канал,,,,,,
bloknotanet,не канал,,,,,,
blogpeshika,ok,171,19,2026-09-29…2026-10-01,0,0,
bloodllliine,не канал,,,,,,
bmatch_career,не канал,,,,,,
bmatch_consult,не канал,,,,,,
bmatchru,не канал,,,,,,
bogdanmain,не канал,,,,,,
bolshakov_vibecoding,не канал,,,,,,
bohemiandillemas,ok,21,19,2026-08-27…2026-10-01,0,0,
bookhouse_girls,не канал,,,,,,
books_den,не канал,,,,,,
boostavt,не канал,,,,,,
books_for_manager,ok,3.08K,20,2026-06-29…2026-10-01,0,0,
boris_porf,не канал,,,,,,
boostclicks,ok,2.8K,20,2026-08-26…2026-10-01,0,0,
borisvalor,не канал,,,,,,
bortnyak,не канал,,,,,,
brain_sale,ok,29,20,2025-01-06…2026-03-20,0,0,
brainshare,ok,21.9K,16,2026-09-07…2026-10-01,0,0,
brandsiren,ok,646,4,2026-08-25…2026-09-10,0,0,
brand_muse,ok,371,11,2026-08-11…2026-09-30,0,0,
brand_zal,ok,520,20,2026-08-17…2026-09-23,0,0,
brandyvision,ok,19,6,2025-09-19…2025-11-05,0,0,
brandystudio,ok,269,12,2026-07-17…2026-09-25,0,0,
bravartsova,не канал,,,,,,
breadkvass,не канал,,,,,,
brazen_marketer,ok,378,14,2026-07-23…2026-09-30,0,0,
brovolog_nso_maslyanino,не канал,,,,,,
brsv94,не канал,,,,,,
briefalacarte,ok,134,8,2026-06-05…2026-09-27,0,0,
bs_business,ok,71.4K,8,2026-09-30…2026-10-01,0,0,
btwn_lab,ok,198,20,2026-04-11…2026-09-29,0,0,
budnikivan,ok,1.52K,6,2026-09-23…2026-09-30,0,0,
bugtothefeature,ok,152,20,2024-05-20…2024-11-25,0,0,
buh_za_dvuh,ok,300,19,2026-09-19…2026-10-01,0,0,
buisness_public,не канал,,,,,,
buildyourc,ok,648,13,2026-08-05…2026-09-29,0,0,
bulavintseva_mariya,не канал,,,,,,
bulldozerskoy,не канал,,,,,,
bumerang_belyaevoi,не канал,,,,,,
buranblog,ok,14,12,2025-11-10…2026-09-24,0,0,
burzeyka,не канал,,,,,,
bureau_1440,ok,39.8K,8,2026-04-06…2026-09-20,0,0,
businesandeducation,не канал,,,,,,
burosalut,ok,801,8,2026-08-14…2026-09-24,0,0,
business_analyst_in_wonderland,не канал,,,,,,
businessbysber,не канал,,,,,,
businessgruzsto,не канал,,,,,,
bustahr,не канал,,,,,,
businessmother,ok,578,11,2026-09-08…2026-09-30,0,0,
buuurgli,не канал,,,,,,
buy_infografica,не канал,,,,,,
by_human_being,не канал,,,,,,
byakhunov,не канал,,,,,,
bychkovskiy_ru,не канал,,,,,,
bykadorovoleg,не канал,,,,,,
bzglv,не канал,,,,,,
canicomein,ok,275,4,2026-08-14…2026-09-06,0,0,
c7ay_root,ok,8,6,2025-10-06…2026-06-16,0,0,
caraphernellia,не канал,,,,,,
cannskayadeva,ok,748,20,2026-07-29…2026-09-28,0,0,
cardiologytochka,не канал,,,,,,
career_i_you,ok,45,20,2025-08-22…2026-03-16,0,0,
career_pulse,ok,70,20,2025-11-11…2025-12-25,0,0,
career_soul,ok,35,19,2025-05-05…2025-06-04,1,0,Лучший способ вкатиться в онлайн - это через такие вакансии
career_zen,ok,575,20,2026-09-08…2026-10-01,1,0,Посмотрела
careerbeacon,ok,20,19,2025-10-31…2026-01-12,0,0,
careercode,ok,548,20,2025-02-06…2025-09-24,1,0,Всем привет!
careerchannelconsult,ok,327,19,2025-05-23…2026-02-01,0,0,
careerfedoroff,ok,26.6K,20,2026-09-22…2026-10-01,11,2,ВАКАНСИЯ: Директор юридического управления | ВАКАНСИЯ: Chief Data Officer / CDO | ВАКАНСИЯ: Директор по складской и транспортной логистике
careergossips,ok,79,9,2026-06-12…2026-09-28,0,0,
careerwithmeaning,ok,315,19,2026-08-03…2026-09-30,0,0,
careerrealization,ok,41,15,2026-03-25…2026-08-28,1,0,Как ответить на вопрос:
cari_about,ok,57,5,2026-08-10…2026-09-21,0,0,
careertrue,ok,58,13,2026-06-30…2026-09-23,1,0,"Гуд морнинг!) а вы знали, что"
catherina_k,не канал,,,,,,
catherina_zakharova,не канал,,,,,,
cchz13,не канал,,,,,,
cdeblod,не канал,,,,,,
catsandnps,ok,24,10,2024-12-22…2025-05-11,0,0,
cdefood,ok,184,5,2026-04-11…2026-08-30,0,0,
ceo_brandy,не канал,,,,,,
ceo_kn,не канал,,,,,,
ceo_ctrl,ok,58,18,2025-11-11…2026-04-20,3,2,"#Исповедь_Операциониста | Как я решаю, кого надо нанять | Хватит играть в прятки."
ceo_nsn,не канал,,,,,,
cessel1,не канал,,,,,,
cg_vorobei,не канал,,,,,,
cff_channel,ok,3.47K,8,2026-06-08…2026-09-23,0,0,
chatcoffeecode,не канал,,,,,,
changetracker,ok,7,13,2024-07-07…2025-12-26,0,0,
chastnyi_seo,ok,773,17,2025-08-21…2026-02-22,0,0,
chdenis,не канал,,,,,,
chayka_mv93,ok,151,10,2026-09-18…2026-10-01,0,0,
chehooli,не канал,,,,,,
chelombiev,не канал,,,,,,
cherkasov93,не канал,,,,,,
chikunov_vamoslaw,не канал,,,,,,
chestrip,ok,396,4,2026-09-22…2026-09-30,0,0,
cheposrokam,ok,19,20,2024-08-13…2024-10-15,0,0,
chirkovakseniya,не канал,,,,,,
chistovav,не канал,,,,,,
christinasplin,не канал,,,,,,
chokomaestro,ok,47,17,2026-01-24…2026-06-28,0,0,
chtootmenya,ok,131,9,2026-09-07…2026-09-28,0,0,
chtoporabote1,ok,53,11,2025-09-02…2026-01-17,0,0,
chulanbera,ok,60,20,2026-03-21…2026-09-22,1,0,Вышел прогноз «Рейтинга Рунета» на 2026–2027.
churbanov_sd,не канал,,,,,,
clarityforstartups,ok,1.46K,20,2026-05-24…2026-09-29,0,0,
cindrom_samozvanza,ok,451,20,2026-07-31…2026-10-01,0,0,
clarityalerts,ok,38,20,2026-09-23…2026-10-01,0,0,
clickpunk,ok,140,20,2026-03-31…2026-08-31,0,0,
clientsresult,ok,12,10,2026-04-20…2026-09-18,0,0,
clubvisa,не канал,,,,,,
clinpsy_for_live,ok,113,20,2026-05-13…2026-09-24,1,0,Иногда профессиональное выгорание воспринимается как сигнал: «Пора всё менять». 
cliquejobs,ok,20.7K,20,2026-08-18…2026-09-30,20,13,Подборка вакансий в проект Well Well Well Гены Лохтина | Вайб-кодер (EVC-разработчик) в Альфа-Банк | Продакт-менеджер в команду биллинга Yandex Cloud
cloudnative_1c,ok,259,19,2025-12-09…2026-01-17,0,0,
cnb_open_dialog,не канал,,,,,,
coach_mikhaylyuk,не канал,,,,,,
coach_kunina,ok,932,14,2026-08-20…2026-10-01,0,0,
coach_zhosan,ok,150,9,2026-09-01…2026-09-25,0,0,
coaching_julia,ok,1K,20,2026-09-22…2026-10-01,0,0,
coaching_mak_game,ok,468,11,2026-05-24…2026-06-19,0,0,
coachzaitsev,не канал,,,,,,
coachofbillioners_1111,ok,109,13,2026-08-29…2026-09-10,0,0,
cododel_dev,ok,228,17,2026-08-07…2026-09-30,0,0,
cockyes,ok,20,9,2025-10-29…2025-12-01,0,0,
coffee_cat_mockups,ok,14,6,2025-07-29…2025-12-02,0,0,
colivingis,не канал,,,,,,
coffeecodeeverywhere,ok,6.73K,15,2026-09-11…2026-09-29,0,0,
collegamarketolog,ok,15,16,2025-05-13…2026-03-26,0,0,
collegavtelege,ok,310,16,2026-03-17…2026-08-26,0,0,
commercialhardo,ok,951,19,2026-04-28…2026-10-01,1,0,Итоги I полугодия 2026 года
collaboshnaya,ok,655,8,2026-08-15…2026-10-01,0,0,
communities_by_zykovkristian,не канал,,,,,,
consulting_ps,не канал,,,,,,
contacton_space,не канал,,,,,,
comphelp26,ok,241,10,2026-05-06…2026-09-02,0,0,
consultinginvest,ok,730,20,2026-09-25…2026-10-01,0,0,
content_notes,ok,1.79K,20,2026-07-23…2026-10-01,0,0,
coreeuler,не канал,,,,,,
cpi_enjoyer,не канал,,,,,,
corpfinguru,ok,5.5K,20,2026-06-24…2026-10-01,0,0,
cozycareergarden,ok,17,13,2026-02-10…2026-05-28,0,0,
crazyrules21,ok,44,20,2026-06-13…2026-10-01,0,0,
createproduct,не канал,,,,,,
creativehappens,ok,4.33K,12,2026-09-25…2026-10-01,0,0,
creatormoves,не канал,,,,,,
creator_mindful,ok,199,7,2026-09-10…2026-10-01,0,0,
credorus,не канал,,,,,,
creatorskrug,ok,90,7,2026-02-06…2026-06-22,0,0,
credo7,ok,86,13,2026-04-01…2026-05-19,0,0,
cristina_chizhik,не канал,,,,,,
cristobalhunta,ok,4.68K,16,2026-09-04…2026-09-30,0,0,
croider,не канал,,,,,,
crmintegration,ok,1.14K,12,2026-06-18…2026-08-21,0,0,
cryrunadraws,ok,164,12,2026-07-04…2026-09-30,0,0,
cto_zdv,ok,19,18,2025-11-16…2026-09-30,0,0,
curious_text,не канал,,,,,,
ctrl_webdev,ok,20,16,2026-01-14…2026-02-11,0,0,
curlysearcher,ok,77,15,2026-09-08…2026-09-30,0,0,
cv_coffee,ok,14,19,2024-11-06…2026-03-18,1,0,МИФ О ПЛОХОЙ РЕКОМЕНДАЦИИ
CXTroubleShooter,не канал,,,,,,
czarmike,не канал,,,,,,
d9kwork,не канал,,,,,,
d_aristov98,не канал,,,,,,
d_e_s_i_g_n_h_o_m_e,ok,144,4,2026-09-15…2026-09-28,0,0,
d_dubovskov,ok,1.54K,12,2026-08-19…2026-09-29,0,0,
d_filina,не канал,,,,,,
d_icon13,не канал,,,,,,
d_lemondesign,не канал,,,,,,
d_volosnikova,ok,226,20,2026-07-08…2026-09-25,0,0,
daesigne,ok,259,20,2026-07-28…2026-09-30,0,0,
dalasflava,не канал,,,,,,
damn_true,не канал,,,,,,
dailyfrontend,ok,98,19,2025-09-13…2026-03-20,0,0,
daniellawellbeing,ok,379,18,2026-09-29…2026-10-01,0,0,
daniilsaushkin,не канал,,,,,,
danil_ovchinnikov,не канал,,,,,,
danilmesh,не канал,,,,,,
danmarz,не канал,,,,,,
dany_prodesign,ok,765,10,2026-09-15…2026-10-01,0,0,
dany_tut,не канал,,,,,,
danyasmirnov,не канал,,,,,,
culture_tnd,ok,6.47K,19,2026-07-30…2026-10-01,0,0,
daogreen,не канал,,,,,,
dapopovvv,не канал,,,,,,
darakrrrrrrrr,не канал,,,,,,
daodemax,ok,104,19,2025-05-18…2026-09-09,0,0,
dari_selischeva,не канал,,,,,,
daria_hrteam,не канал,,,,,,
daria_zvyagina,не канал,,,,,,
dariamatevosova,не канал,,,,,,
dariaseyranyan,не канал,,,,,,
dariazaitsevaa,не канал,,,,,,
daridobroai,ok,128,20,2026-06-18…2026-09-18,0,0,
darina_ona,не канал,,,,,,
dariya_marketing,не канал,,,,,,
darklorianprime,не канал,,,,,,
darklorian_blog,ok,58,15,2026-07-22…2026-09-30,0,0,
darya,не канал,,,,,,
darryreels,ok,62,20,2025-07-15…2025-11-23,0,0,
darya_va,не канал,,,,,,
daryakro,не канал,,,,,,
daryagal_life,ok,91,20,2025-01-16…2026-07-09,3,0,"Как искать редких специалистов: | Почему кандидаты «сливаются» после финального собеседования с работодателем? | ИИ не заберёт вашу работу. Её заберёт человек, который пользуется ИИ"
dashawakeupp,не канал,,,,,,
dasha_pavlova_design,ok,228,13,2026-08-05…2026-09-28,0,0,
dashayuras,не канал,,,,,,
dashtamtender,ok,144,10,2026-08-24…2026-09-18,0,0,
dashulya_hr_ds,ok,160,18,2025-09-29…2026-03-21,4,1,Как найти работу? Реальная история. | Найти работу за 3 недели! | Почему софт скиллы важнее чем харды?
data_brew,ok,1.02K,20,2026-05-30…2026-07-02,0,0,
data_thoughts,ok,58,18,2026-04-01…2026-08-17,0,0,
data_vselennaya,ok,89,20,2025-07-14…2026-09-08,0,0,
daredevrel,ok,807,5,2026-05-26…2026-09-21,0,0,
dataexplorers,не канал,,,,,,
dateowl,не канал,,,,,,
davidsurin,не канал,,,,,,
davidianss,не канал,,,,,,
datakolya,ok,802,16,2025-09-24…2026-05-16,0,0,
dchlkw,не канал,,,,,,
dbelkin_cntx,не канал,,,,,,
dbd365,ok,82,20,2025-05-28…2025-06-16,0,0,
dddsha,не канал,,,,,,
deelomakina,не канал,,,,,,
degorkin,не канал,,,,,,
dellamone,не канал,,,,,,
dekartlife,ok,5,20,2026-09-02…2026-09-25,0,0,
demaocean,не канал,,,,,,
delo_v_rekrutinge,ok,26,8,2026-02-26…2026-03-17,1,0,Рынок труда 2026: выживут не все
demiurgeofuniverses,не канал,,,,,,
demotivationmessage,ok,92,8,2026-08-04…2026-10-01,0,0,
dencolorist,не канал,,,,,,
denis_bmrg,не канал,,,,,,
den_produser,ok,291,20,2026-01-26…2026-02-20,0,0,
denis_komez,не канал,,,,,,
denisbalyukblog,не канал,,,,,,
denismostyka,не канал,,,,,,
denisov_java,не канал,,,,,,
data_engineerette,ok,3.43K,12,2026-07-30…2026-09-30,0,0,
denpanov,не канал,,,,,,
denyszzz,не канал,,,,,,
derinpsy,не канал,,,,,,
des_curator,не канал,,,,,,
desfee,не канал,,,,,,
design_every_day,не канал,,,,,,
design_infographic_mari,не канал,,,,,,
design_awesome,ok,9.22K,5,2026-09-29…2026-10-01,1,1,Хочу поделиться недавно прочитанными книгами по теме карьеры и поиска работы
design_knitting,не канал,,,,,,
design_kudry,ok,338,4,2026-08-11…2026-09-01,0,0,
design_somilieu,не канал,,,,,,
design_mikh,ok,32,4,2026-09-09…2026-09-11,0,0,
design_token,не канал,,,,,,
designbyalla,не канал,,,,,,
designer_iz_90x,не канал,,,,,,
designer_on_caffeine,не канал,,,,,,
designchannelbyyourwinterbear,ok,38,10,2026-06-06…2026-09-10,0,0,
designer_vally,ok,29,10,2025-09-22…2026-05-30,0,0,
designerbacklog,ok,30,17,2024-09-25…2026-06-18,0,0,
designersarepeople,не канал,,,,,,
designmkp,не канал,,,,,,
designgalak,ok,168,14,2026-02-28…2026-09-09,0,0,
designpunk,не канал,,,,,,
designytaia,не канал,,,,,,
designskillz,ok,123,20,2026-09-08…2026-10-01,0,0,
detali_web,не канал,,,,,,
dev_evgeniy,не канал,,,,,,
deusexneuro,ok,770,18,2026-09-19…2026-10-01,0,0,
develguru,ok,629,11,2026-09-12…2026-09-28,0,0,
development_every_day,не канал,,,,,,
devinside_blog,не канал,,,,,,
devityourself,не канал,,,,,,
devovol,не канал,,,,,,
devopslife,ok,637,19,2026-08-21…2026-09-27,0,0,
devops413,ok,413,13,2026-05-03…2026-09-09,0,0,
devtalks_with_andrei,не канал,,,,,,
dexizizi,не канал,,,,,,
dgubkin,не канал,,,,,,
di_cv,не канал,,,,,,
diagnostika_golosa,не канал,,,,,,
dialogi_s_soboi,не канал,,,,,,
dianasar,не канал,,,,,,
diary_it_recruiter,не канал,,,,,,
diazanna,не канал,,,,,,
desolet,не канал,,,,,,
digarch,не канал,,,,,,
digedon,не канал,,,,,,
digital_deva,не канал,,,,,,
digital_noski,не канал,,,,,,
digital_in_pharma,ok,7.37K,16,2026-09-21…2026-10-01,0,0,
digitaldes,не канал,,,,,,
digitalb2b,ok,6.46K,18,2026-08-11…2026-10-01,0,0,
digitalgeeks,ok,931,16,2026-03-16…2026-10-01,0,0,
digitaltwin_bdv,не канал,,,,,,
digitwithdjony,не канал,,,,,,
digitaloutsider,ok,90,20,2026-06-08…2026-09-27,0,0,
dima_dinero,не канал,,,,,,
dimakniga,не канал,,,,,,
dimaloper,не канал,,,,,,
dimdenisenko,не канал,,,,,,
dimka_dh,не канал,,,,,,
dinara_bo,не канал,,,,,,
dip4rip,не канал,,,,,,
direct_experience,не канал,,,,,,
dipitonya,не канал,,,,,,
directorofcircus,не канал,,,,,,
dizain_ari,не канал,,,,,,
directolog_yandexa,ok,4.25K,20,2026-04-07…2026-09-21,0,0,
dk8644,не канал,,,,,,
djmarycat,ok,55,8,2026-06-18…2026-08-24,0,0,
dk_pr_agency,не канал,,,,,,
dla_zametok,не канал,,,,,,
dls20121,не канал,,,,,,
dmipavlow,не канал,,,,,,
dm7triypetrov,ok,332,8,2026-08-09…2026-08-15,0,0,
dmitriipoliakov1,не канал,,,,,,
dmitriiyi,не канал,,,,,,
dmitriy_klimovich,не канал,,,,,,
dmitriyustimenko,не канал,,,,,,
dmitrykanst,не канал,,,,,,
dmitrywebweb,не канал,,,,,,
dmnly,не канал,,,,,,
dmpthr,не канал,,,,,,
dmtr_mtvv,не канал,,,,,,
dnevnikborghese,не канал,,,,,,
do_software_right,не канал,,,,,,
dobriy_ai,не канал,,,,,,
dobrotaaaaaa,не канал,,,,,,
doctor_saimon_69,не канал,,,,,,
domelchenko_design,не канал,,,,,,
domasochian,ok,119,20,2026-08-27…2026-09-24,0,0,
donbasfm,не канал,,,,,,
donteavesdrop,не канал,,,,,,
dorofeev_daniil,не канал,,,,,,
dpsareva,не канал,,,,,,
draftmotion,не канал,,,,,,
dovzhenko_vision,ok,521,18,2026-04-23…2026-09-25,1,1,"Ребят, всем привет. Ищу в команду сейлза. Если есть подходящие кандидаты, пишите"
drdk_01,не канал,,,,,,
drelmok,не канал,,,,,,
drelyushcode,не канал,,,,,,
dremaak,не канал,,,,,,
drinksovet,ok,100,11,2025-03-18…2026-08-09,0,0,
drowzyx,не канал,,,,,,
dronicoru,ok,651,5,2026-09-01…2026-09-28,0,0,
drzst,не канал,,,,,,
dsgncreator,ok,4.37K,12,2026-09-07…2026-09-28,0,0,
dublexpert39,не канал,,,,,,
dualagency,ok,65,6,2025-02-27…2025-05-29,0,0,
dsgntalks,ok,442,14,2026-09-10…2026-10-01,0,0,
dundukc,не канал,,,,,,
duosapiens,ok,15.3K,12,2026-09-06…2026-09-22,0,0,
dushnila_daily,не канал,,,,,,
dveneo,не канал,,,,,,
dvizh_with_julia_s,не канал,,,,,,
dzharow,не канал,,,,,,
dzhavadoff,не канал,,,,,,
e_velin_a,не канал,,,,,,
ea_gusevaaa,не канал,,,,,,
easy_designers,не канал,,,,,,
ebishev,ok,1.15K,14,2025-05-04…2026-05-19,0,0,
ecoder,не канал,,,,,,
ecgaming01,не канал,,,,,,
ecoolge,не канал,,,,,,
ecom_irincom,ok,263,15,2025-12-18…2026-10-01,0,0,
ecoseller,не канал,,,,,,
edrkey,не канал,,,,,,
edukate_ch,не канал,,,,,,
educational_lab,ok,9.17K,20,2026-09-20…2026-10-01,0,0,
edward_daniloff,не канал,,,,,,
effectingmarketing,не канал,,,,,,
effix4,ok,542,18,2025-10-08…2026-02-04,0,0,
efimenkoae,не канал,,,,,,
efim365,ok,557,13,2026-07-30…2026-09-28,0,0,
efmeow,не канал,,,,,,
efimova_ed_blog,ok,407,20,2026-07-15…2026-09-29,0,0,
eggencydsgn,не канал,,,,,,
efremovacoach,не канал,,,,,,
egor_etcetera,не канал,,,,,,
egorbezned,не канал,,,,,,
egordesignthis,не канал,,,,,,
egorlemo,не канал,,,,,,
egorova_daryaa,не канал,,,,,,
egorovintellect,не канал,,,,,,
egorqua,не канал,,,,,,
egorthinks,не канал,,,,,,
egrkrlvch,не канал,,,,,,
ekaterina_engineer_help,не канал,,,,,,
ek_dmd,ok,564,4,2026-08-10…2026-09-22,0,0,
ek_elizarowa,ok,172,20,2026-09-21…2026-10-01,0,0,
ekaterina_khoruzheva,не канал,,,,,,
ekaterina_hr_notes,ok,3.96K,16,2026-09-16…2026-09-30,2,0,"Автор, спасибо за вопрос. | Тот внутренний заказчик сразу обозначил границы:"
ekaterinaliberman,не канал,,,,,,
ekaterinaegudanova,не канал,,,,,,
ekmalaya,не канал,,,,,,
el_ocelote,не канал,,,,,,
eldar_hr,не канал,,,,,,
electroshaman,не канал,,,,,,
elena_infografikamp,не канал,,,,,,
elena_korobkova095,не канал,,,,,,
elena_livadina,не канал,,,,,,
elena_mirrr,не канал,,,,,,
elena_vase,не канал,,,,,,
elenakarandasheva,не канал,,,,,,
eleonbor,не канал,,,,,,
elenaknittexclusive,ok,113,7,2026-08-22…2026-09-27,0,0,
elikofff_stream,не канал,,,,,,
elinvvvvvvv,не канал,,,,,,
elesichevapsy,ok,235,16,2026-08-27…2026-09-22,0,0,
elisniia,не канал,,,,,,
eliz_esh,не канал,,,,,,
elizaveta_as,не канал,,,,,,
elizzavvvveta,не канал,,,,,,
eljanopt,не канал,,,,,,
ellebyee,не канал,,,,,,
elmariachiboy,не канал,,,,,,
elouveesketches,не канал,,,,,,
elmir_kuba,не канал,,,,,,
elpi33,не канал,,,,,,
elvira_hrinx,не канал,,,,,,
emelyanova_career,не канал,,,,,,
emiliyamur,не канал,,,,,,
emilmalkovsky,не канал,,,,,,
employee_experience_design,ok,1.17K,14,2024-12-31…2026-05-05,0,0,
emytheteacher,не канал,,,,,,
enaevroma,не канал,,,,,,
enje_garmonia,не канал,,,,,,
enepomn,ok,883,15,2026-08-14…2026-09-25,0,0,
enpluseducation,ok,3.23K,8,2026-07-07…2026-08-12,0,0,
ep_geek,ok,10.1K,19,2026-06-24…2026-06-30,0,0,
epimovdesign,не канал,,,,,,
epicgrowth,ok,26.2K,5,2026-09-11…2026-09-30,0,0,
eremyna,не канал,,,,,,
erenburgdesign,не канал,,,,,,
epiuxui,ok,44,14,2025-02-28…2025-08-06,0,0,
erenburgh,не канал,,,,,,
ermanow,не канал,,,,,,
esaifulinahr,не канал,,,,,,
esenin_mind,ok,1.18K,18,2026-07-29…2026-10-01,0,0,
estatebusinessclass,ok,202,19,2026-08-26…2026-09-30,0,0,
estimated_time,не канал,,,,,,
eto_k_dizayneru,не канал,,,,,,
etot_meshkow,не канал,,,,,,
eugeniarid,не канал,,,,,,
eugene_ivashenko,не канал,,,,,,
ev_shumm,не канал,,,,,,
enmironova,не канал,,,,,,
evabrilliantes,не канал,,,,,,
evelina_rcf,не канал,,,,,,
eventence,не канал,,,,,,
evgen_b8,не канал,,,,,,
evgen_timon,не канал,,,,,,
evgeniy_vybornykh,не канал,,,,,,
evgeny_goncharov_mts,не канал,,,,,,
evgeny_pro_design,не канал,,,,,,
evgeniyatalova,ok,646,8,2026-08-13…2026-09-26,0,0,
evgenyraikov,ok,2.6K,7,2026-02-21…2026-08-14,1,0,Как IT специалисты читерят на собеседовании с помощью AI
exoz_tech,не канал,,,,,,
execnotes,ok,97,14,2026-04-19…2026-09-18,4,0,"Недавно попалась картинка в линке — «почему я сбежала из рекрутмента». | Продолжать эту тему можно вечно, хочу дополнить | У каждой медали две стороны."
fadeevonline,не канал,,,,,,
faezil0,не канал,,,,,,
fantastica_st,не канал,,,,,,
fairyledahomelaftel,ok,70,10,2025-10-10…2025-10-21,0,0,
faremajv,не канал,,,,,,
fb_studio_moscow,не канал,,,,,,
favision39,ok,21,5,2026-06-02…2026-08-13,0,0,
fedinairina,не канал,,,,,,
fender_w,не канал,,,,,,
fe_notes,ok,420,8,2026-09-07…2026-09-28,0,0,
feelyourspeech,ok,119,16,2026-02-16…2026-08-18,0,0,
fewideas,ok,496,16,2026-01-08…2026-06-26,0,0,
figmacho,ok,74,8,2026-01-08…2026-02-12,0,0,
filippgrant,ok,1.01K,9,2026-07-31…2026-09-30,0,0,
filonnn,не канал,,,,,,
filvnedvizhke,ok,91,17,2026-02-04…2026-03-13,0,0,
finance_freedo,ok,14,16,2025-05-27…2025-10-09,0,0,
find_lawyer,ok,1.49K,15,2026-07-10…2026-09-23,0,0,
fintaxbooker,ok,67,15,2025-10-15…2026-04-03,0,0,
financeclelik,ok,630,10,2026-02-08…2026-03-08,0,0,
firstofmarketing,ok,1.7K,17,2025-06-15…2026-09-03,0,0,
fit_upr,ok,1.19K,18,2026-09-14…2026-09-30,0,0,
flovvery,не канал,,,,,,
flowmapp,не канал,,,,,,
flexiblecoding,ok,207,20,2026-06-01…2026-09-21,0,0,
flowmasters_ru,ok,114,20,2026-09-02…2026-10-01,0,0,
fmikhail99,не канал,,,,,,
flytothe_moon,ok,32,19,2025-10-01…2026-06-30,0,0,
focusnovoros,не канал,,,,,,
foggydz,ok,16,11,2025-01-17…2026-01-13,0,0,
forloveandprofit,не канал,,,,,,
forensic_compliance,ok,201,16,2025-12-16…2026-08-18,0,0,
fortune_v_nizhny,ok,33,6,2026-08-28…2026-09-22,0,0,
founderskaya,ok,39,9,2025-03-08…2025-04-02,0,0,
fpoglyaev,не канал,,,,,,
foxtail_onair,ok,642,17,2026-08-25…2026-09-29,0,0,
fraankfreedom,ok,1.16K,17,2026-08-25…2026-10-01,0,0,
fractalalchemist,не канал,,,,,,
franksergey,не канал,,,,,,
fragvfx,ok,24,14,2026-04-28…2026-09-15,0,0,
freedom_imperial,не канал,,,,,,
front_questions,не канал,,,,,,
front_everyday,ok,1.71K,10,2026-09-10…2026-09-30,0,0,
frontend_developersss,не канал,,,,,,
frontend_tales,ok,1.81K,19,2026-04-01…2026-05-29,0,0,
fsvistunov,не канал,,,,,,
furs_feedback,ok,1,16,2025-03-02…2026-09-12,0,0,
futuraynetworkru,ok,388,20,2025-10-28…2026-09-16,0,0,
future_cto_notes,ok,829,20,2026-08-08…2026-10-01,0,0,
gabaai,не канал,,,,,,
fuypoq,ok,2,13,2024-08-21…2025-08-01,0,0,
gabriel_li,не канал,,,,,,
gabulyan_front,не канал,,,,,,
gagatolich,не канал,,,,,,
galickiy_s,не канал,,,,,,
galina_timakina,не канал,,,,,,
game_of_management,ok,80,20,2025-11-12…2026-05-26,0,0,
ganimarketing,не канал,,,,,,
gamemetrics,ok,3.36K,20,2026-08-05…2026-09-30,0,0,
gamifig,ok,35,3,2026-04-29…2026-08-28,0,0,
gar001,не канал,,,,,,
garantmax,не канал,,,,,,
garry,не канал,,,,,,
garinaenglish,ok,156,20,2024-11-04…2025-08-11,0,0,
garr001,ok,251,20,2026-08-20…2026-09-30,0,0,
gas_official0,не канал,,,,,,
gastroksen,не канал,,,,,,
geliktut,не канал,,,,,,
gde_tz_utka,ok,242,20,2025-05-25…2026-01-20,0,0,
gelnurchik,не канал,,,,,,
genrikh,не канал,,,,,,
gems_pulse,ok,124,20,2025-06-02…2025-06-20,0,0,
gentlelizard,не канал,,,,,,
genrikhabramov,ok,147,8,2025-08-25…2026-05-29,0,0,
geopolymer,не канал,,,,,,
geometrium_school,ok,43.5K,7,2026-09-26…2026-10-01,0,0,
gerasimov_av_dev,не канал,,,,,,
gerry_ya,не канал,,,,,,
gg_cvv,не канал,,,,,,
gilyov_alexey,ok,185,15,2025-04-01…2026-09-22,0,0,
girl_living_dreams,ok,113,9,2026-07-07…2026-09-26,1,0,По приколу решила откликнуться на вакансию учителя технологии для мальчиков.
gip_creativ,ok,62,11,2025-01-08…2025-04-11,0,0,
gitarast,не канал,,,,,,
gitm4n,не канал,,,,,,
gizart,не канал,,,,,,
gl3af,не канал,,,,,,
glaktionov1,не канал,,,,,,
giuseppeinterior,ok,5,19,2025-06-26…2026-03-11,0,0,
gleb_kostyurin,ok,135,11,2026-05-26…2026-09-09,0,0,
glossarick,не канал,,,,,,
gmartem,не канал,,,,,,
gmindnt,не канал,,,,,,
glossonmargins,ok,32,14,2026-03-02…2026-06-07,0,0,
gnoch,не канал,,,,,,
god11e,не канал,,,,,,
golos_irkutsk,ok,2.27K,6,2026-09-17…2026-10-01,0,0,
golosnikolaeva,не канал,,,,,,
golosavmoeigolove,ok,333,5,2026-09-25…2026-10-01,0,0,
golubovaa_career,ok,1.43K,10,2026-08-28…2026-09-26,0,0,
gonchukkka,не канал,,,,,,
goodgifu,не канал,,,,,,
goodteamlead,ok,109,15,2025-07-08…2026-09-09,1,0,Недавно у меня взяли небольшое интервью в формате «вопрос–ответ» на тему: как на
goouxui,не канал,,,,,,
golandval82,не канал,,,,,,
gordinvd,не канал,,,,,,
gordykina_en,ok,138,9,2026-09-19…2026-10-01,0,0,
gorokhovadesign,ok,72,5,2026-07-28…2026-09-05,0,0,
goroziaa,не канал,,,,,,
gori_tvori,ok,8.87K,7,2026-09-14…2026-09-25,0,0,
gpbpayments,ok,25,16,2025-12-24…2026-09-08,0,0,
graf_dizain_o,ok,107,17,2025-05-16…2025-07-30,0,0,
grafikatya,не канал,,,,,,
grafdistatyana,не канал,,,,,,
grafirant,ok,11,1,2024-09-18…2024-09-18,0,0,
grebennik0,не канал,,,,,,
greenmailer71,не канал,,,,,,
graph_dbs,ok,23,20,2025-01-11…2026-08-11,0,0,
grammatikagr,ok,191,20,2025-12-31…2026-04-17,0,0,
grigoreveugene,не канал,,,,,,
grigorievrom,не канал,,,,,,
grin_ivan,не канал,,,,,,
grinshpun_denis,не канал,,,,,,
grishel_prohort,не канал,,,,,,
grmvss,не канал,,,,,,
grratie,не канал,,,,,,
gruvmen,не канал,,,,,,
grok_ml,ok,63,7,2026-07-03…2026-09-27,0,0,
gryaznybilly,не канал,,,,,,
gruzstorus,ok,93,20,2026-03-06…2026-06-08,0,0,
gulnara_decoding,не канал,,,,,,
gulya_ar,не канал,,,,,,
gtdqi,ok,298,19,2026-07-05…2026-09-26,0,0,
gudwin_says,ok,195,14,2025-10-06…2026-04-26,0,0,
gulya_sattarova,не канал,,,,,,
gurbichh,не канал,,,,,,
guseva_career,не канал,,,,,,
gusenitsy_put,ok,392,15,2025-08-15…2026-04-17,0,0,
guseva_sofi,ok,223,20,2026-04-03…2026-09-08,0,0,
guzvgarmonii,не канал,,,,,,
gypnodemenok,не канал,,,,,,
gx_insight,ok,26,8,2026-08-08…2026-09-26,0,0,
hajimyrad,не канал,,,,,,
happycat_iren,не канал,,,,,,
hangoverintrovert,ok,436,6,2026-09-19…2026-09-30,0,0,
headofecomm,не канал,,,,,,
heavymarketing,ok,1,7,2025-07-01…2025-08-14,0,0,
heiki71,не канал,,,,,,
heladren,не канал,,,,,,
helgi_holly,не канал,,,,,,
hellessica,не канал,,,,,,
helenadsgn,ok,977,13,2026-08-30…2026-09-25,0,0,
hellnep,не канал,,,,,,
hello_creator,ok,1.2K,19,2026-04-25…2026-07-03,0,0,
hellodigitalworld,ok,2.99K,20,2026-06-19…2026-09-30,0,0,
heymay,не канал,,,,,,
helpthemtobuy,ok,72,17,2026-07-21…2026-09-22,1,1,"Ищу бойца в свою команду, чтобы внедрять наш продукт и в том числе ИИ агента, ко"
hhelen_a,ok,117,10,2026-07-25…2026-09-24,0,0,
hhnetworking,не канал,,,,,,
hhrum,не канал,,,,,,
hiheatm,ok,46,16,2026-08-21…2026-10-01,0,0,
hiredge,ok,12.1K,14,2026-08-06…2026-09-30,3,0,Ищем людей в команду Seasons — открываем две вакансии | #remote | Дизайнерский
hochuvcafe,не канал,,,,,,
hochu_rasti,ok,298,12,2024-06-26…2026-10-01,0,0,
holymotherofcringe,не канал,,,,,,
hometown27,не канал,,,,,,
homdistudio,ok,8,11,2024-05-08…2025-09-23,0,0,
homepm,ok,708,17,2026-05-15…2026-09-17,0,0,
hopejoboffer,ok,1.99K,15,2026-09-16…2026-10-01,0,0,
howibecomethecopywriter,ok,602,12,2026-08-25…2026-09-29,0,0,
howimetyouroffer,ok,114,19,2026-09-17…2026-09-30,1,0,Российские работодатели в большинстве своём не умеют проводить стрессовое интерв
hr_elena_v,не канал,,,,,,
hr_chaika,ok,467,9,2026-09-28…2026-10-01,1,0,Друзья!
hr_hi_hi_da_ha_ha,не канал,,,,,,
hr_insides,не канал,,,,,,
hr_it_teams,не канал,,,,,,
hr_itliga,не канал,,,,,,
hr_mediaten,не канал,,,,,,
hr_naimology,ok,614,16,2025-12-30…2026-09-28,1,0,"Привет, мы Дима и Диана. Находим и нанимаем сотрудников в разные компании России"
hr_nikki,ok,1.53K,18,2026-04-17…2026-07-24,3,1,/Вакансия: ищу продакта на growth-задачи в e-com/ | /Вакансия: фуллстек-разработчик (React)/ | #hrnikki_вакансия
hr_sofiko,не канал,,,,,,
hr_zmeeva,не канал,,,,,,
hr_nom,ok,15.9K,11,2026-09-29…2026-10-01,0,0,
hramovdev,не канал,,,,,,
hrbabka,не канал,,,,,,
hrannlarich,ok,382,11,2026-08-24…2026-09-12,0,0,
hrcorporategirl,ok,1.04K,8,2026-08-30…2026-09-24,0,0,
hrcouch_natali,не канал,,,,,,
hrd_for_business,не канал,,,,,,
hrd_maman,не канал,,,,,,
hrdforit,не канал,,,,,,
hrekaterinapro,не канал,,,,,,
hrekaterinaglukhova,не канал,,,,,,
hrermilova,не канал,,,,,,
hrguruwork,не канал,,,,,,
hrkochetova,не канал,,,,,,
hrme_1,не канал,,,,,,
hrolog,не канал,,,,,,
hrkorzh,ok,132,14,2026-07-21…2026-09-24,0,0,
hrpractic,не канал,,,,,,
hrpeach,ok,146,11,2026-08-06…2026-09-23,0,0,
hrs_inside,не канал,,,,,,
hrtotsamiy,не канал,,,,,,
hrtech_vision,ok,1.57K,20,2025-11-10…2026-09-16,0,0,
hto_novogo,не канал,,,,,,
hudywa,не канал,,,,,,
hrvoyage,ok,277,9,2026-09-03…2026-10-01,2,0,"Друзья, привет! | Продолжу про принципы подбора персонала Netflix:"
hypatia_bears,не канал,,,,,,
humanitarianit,ok,737,13,2026-09-09…2026-09-25,0,0,
hypothesis_factory,ok,7,3,2025-06-30…2025-06-30,0,0,
i_am_boiled,ok,333,14,2026-07-08…2026-09-29,1,0,#рандом
i_lived_here,ok,135,20,2026-08-16…2026-09-28,0,0,
i_vary,не канал,,,,,,
iamclzhckr,не канал,,,,,,
iamkrylov,не канал,,,,,,
id_petr,не канал,,,,,,
iamolegsoldatov,не канал,,,,,,
ideamen51,не канал,,,,,,
idrewha,не канал,,,,,,
ig_alferov,не канал,,,,,,
igalashev,не канал,,,,,,
igoldyrev,не канал,,,,,,
igor_bonfire,не канал,,,,,,
igor_lysachenko,не канал,,,,,,
igor_affarts,ok,743,8,2026-08-17…2026-09-01,0,0,
igor_ush,не канал,,,,,,
igorballon,не канал,,,,,,
igorbasonda,не канал,,,,,,
igorekl,не канал,,,,,,
igoreshait,не канал,,,,,,
igorki33,не канал,,,,,,
igorselenov,не канал,,,,,,
igra08,не канал,,,,,,
iiot_coffee,не канал,,,,,,
ikabalin,не канал,,,,,,
ikhudasov,не канал,,,,,,
ikostesko,не канал,,,,,,
il_latyshev,не канал,,,,,,
ilikeit_group,не канал,,,,,,
ilkslv,не канал,,,,,,
ilm1n,не канал,,,,,,
ilonakravchenko,не канал,,,,,,
ilona_designer,ok,716,10,2026-06-28…2026-08-12,0,0,
ilya_tgg,не канал,,,,,,
ilyabaranovsky,не канал,,,,,,
ilyabogdashkin,не канал,,,,,,
ilyachirkovv,не канал,,,,,,
ilyafilim,не канал,,,,,,
ilyachrkv,не канал,,,,,,
ilyahacker,не канал,,,,,,
ilyait,не канал,,,,,,
imarchie300,не канал,,,,,,
imedvedev013,не канал,,,,,,
ilyaprofinance,ok,566,19,2026-09-30…2026-10-01,0,0,
imelnikova88,не канал,,,,,,
imhrmyhr,не канал,,,,,,
impredprinimay,не канал,,,,,,
imyourcandidate,не канал,,,,,,
inata50,не канал,,,,,,
impoliakov_uiux,ok,1.41K,20,2026-07-25…2026-09-28,1,0,100 резюме на одну вакансию — и она всё равно висит месяцами
inegovori,не канал,,,,,,
infograficafrontend,не канал,,,,,,
infografikadizainyakutinan,не канал,,,,,,
infowbenoz,не канал,,,,,,
inholist_psy,не канал,,,,,,
innadmitrienkov,не канал,,,,,,
innafomenko81,не канал,,,,,,
innovationdsgn,не канал,,,,,,
insideproduct,не канал,,,,,,
insider_hr_psychology,не канал,,,,,,
innovationlab,ok,367,18,2024-08-09…2025-12-31,0,0,
inspiringcareer,не канал,,,,,,
insretail,не канал,,,,,,
intereference,ok,32,10,2026-07-31…2026-10-01,0,0,
introver_tv3,не канал,,,,,,
inview_club,не канал,,,,,,
investor_notepad,ok,459,20,2026-09-13…2026-10-01,0,0,
iraapp_le,не канал,,,,,,
irazakharo,не канал,,,,,,
irakariochi,не канал,,,,,,
irena_marketing24,не канал,,,,,,
irina08026,не канал,,,,,,
irina_beb,не канал,,,,,,
irina_kniga_zhizni,не канал,,,,,,
irinazakharhr,не канал,,,,,,
is_volkova,не канал,,,,,,
isa_iskhabov,не канал,,,,,,
isakov06,не канал,,,,,,
ishutachkaa,не канал,,,,,,
iskrennost_nk,не канал,,,,,,
istoming,не канал,,,,,,
it_always_sunny,ok,8.66K,15,2026-08-20…2026-09-25,0,0,
isyntez,ok,93,20,2026-07-30…2026-09-29,0,0,
it_fastteam,не канал,,,,,,
it_blog_ella,ok,2,1,2026-06-03…2026-06-03,0,0,
it_horisont,не канал,,,,,,
it_kak_est,не канал,,,,,,
it_natali,ok,940,16,2026-09-19…2026-10-01,0,0,
it_quick,ok,260,15,2026-06-26…2026-09-30,0,0,
itaksoidet_daily,ok,439,18,2026-07-03…2026-09-23,1,0,Посетили Product Sense
itbezdar,не канал,,,,,,
itburozakharenko,не канал,,,,,,
itcanfly,не канал,,,,,,
iteplyakoff,не канал,,,,,,
itduck_life,ok,606,18,2026-08-12…2026-09-28,0,0,
item_pro,ok,248,12,2026-02-09…2026-09-25,0,0,
itgamedevcareer,ok,596,20,2026-06-15…2026-10-01,3,0,Подвешенная консультация | Рынок труда изменился. И искать работу так же как 2–3 года назад становится все  | Где искать работу в 2026 году и что из этого еще работает
ithrusha,не канал,,,,,,
itigr02,не канал,,,,,,
itisherechannell,не канал,,,,,,
itonthefan,не канал,,,,,,
itproductmanager,не канал,,,,,,
itproriv,ok,137,14,2026-01-09…2026-09-13,0,0,
itroyas,не канал,,,,,,
itquick_vacancies,ok,2.71K,20,2026-05-18…2026-10-01,1,0,#вакансия
itrubiz,ok,48,20,2026-08-31…2026-10-01,0,0,
itsdaniilts,не канал,,,,,,
itslvov,не канал,,,,,,
ittribe,не канал,,,,,,
iurii112,не канал,,,,,,
ivan_l0gin0v,не канал,,,,,,
ivan_shark,не канал,,,,,,
itwithtea,ok,888,18,2026-05-25…2026-10-01,0,0,
ivanchin_custdev,не канал,,,,,,
ivannasapcho,не канал,,,,,,
ivanova_ida,не канал,,,,,,
ivanovapro_education,ok,97,13,2026-04-21…2026-07-22,0,0,
ivanzait,не канал,,,,,,
ivi_team,ok,752,5,2026-09-01…2026-09-30,0,0,
ivn_srg,не канал,,,,,,
ivolodin,не канал,,,,,,
izobr_bis,ok,139,17,2025-12-15…2026-09-26,0,0,
j4steu,ok,19,10,2026-05-21…2026-09-15,0,0,
jasur_askarovv,не канал,,,,,,
jannyjune,не канал,,,,,,
java_hub_official,не канал,,,,,,
jay_si_star,не канал,,,,,,
jecer,не канал,,,,,,
jeeeks24,не канал,,,,,,
jenywess,не канал,,,,,,
jedaispeak,ok,749,18,2026-01-15…2026-09-06,0,0,
joboffernaya,не канал,,,,,,
joneybananas,не канал,,,,,,
jolly_nomad,ok,215,19,2026-09-17…2026-10-01,1,0,"Людей, которые учат ChatGPT, увольняют за то, что они учили его с помощью ИИ."
journalsales,ok,86,16,2024-05-31…2026-03-13,0,0,
jul_istomina,не канал,,,,,,
jtprogru_channel,ok,1.3K,20,2026-07-18…2026-09-30,0,0,
juliai61,не канал,,,,,,
juliaofjuly,не канал,,,,,,
juliarumiantseva,не канал,,,,,,
julie_entertainment,не канал,,,,,,
julie_kom,не канал,,,,,,
july_saywhat4,не канал,,,,,,
juls_sashnikova,ok,493,7,2026-04-29…2026-08-05,0,0,
jumseapp,ok,427,20,2026-05-29…2026-09-30,2,0,Результаты опроса: | Как ускорить этап согласования с нанимающим менеджером
justodddude,ok,71,10,2026-08-26…2026-09-30,0,0,
juulia_fischer,не канал,,,,,,
jvkonor,не канал,,,,,,
k_creates_lab,не канал,,,,,,
k_krvc,не канал,,,,,,
k_vos,не канал,,,,,,
kakoba_m,не канал,,,,,,
kalashnikov_sa,не канал,,,,,,
kalaskseniia,не канал,,,,,,
kaleen_k,не канал,,,,,,
kalmykovmad,не канал,,,,,,
kaminskayaeka,не канал,,,,,,
kaminskayaekaterina,не канал,,,,,,
kamran_mansoriii,не канал,,,,,,
karas_studio,не канал,,,,,,
kanal_iry,ok,61,15,2026-08-22…2026-09-30,0,0,
karchenkov_v,не канал,,,,,,
kanareykinlove,ok,356,14,2026-07-15…2026-09-09,1,0,Сильный сотрудник не равно успешный бизнес!
karaushpro,не канал,,,,,,
kardeminchannel,ok,49,6,2026-01-10…2026-08-01,0,0,
karinagerasimovahr,не канал,,,,,,
karinaidesign,не канал,,,,,,
karipova_pr,не канал,,,,,,
karinaitmarketing,ok,162,11,2026-07-20…2026-09-30,0,0,
karpovgs,не канал,,,,,,
karonskiy_tut,не канал,,,,,,
karzhen12,не канал,,,,,,
kataarchi,не канал,,,,,,
kate,не канал,,,,,,
kate_v_ingate,не канал,,,,,,
katerassvethr,не канал,,,,,,
katerinaan,не канал,,,,,,
katgru,не канал,,,,,,
kathehisis,не канал,,,,,,
katimvprod,не канал,,,,,,
katjagoose,не канал,,,,,,
katgru_design,ok,965,19,2026-07-03…2026-09-29,0,0,
katya_katerina_13,не канал,,,,,,
katyadsgn,не канал,,,,,,
katyusha25,не канал,,,,,,
kavunaleksandr,не канал,,,,,,
kb_konst_belov,не канал,,,,,,
kazmerovae,не канал,,,,,,
kbforward,не канал,,,,,,
kdvizion,не канал,,,,,,
keis_oks,не канал,,,,,,
kentron_community,не канал,,,,,,
kempleks,ok,412,18,2026-01-11…2026-09-28,0,0,
kernelpicnic,не канал,,,,,,
kevnorm,не канал,,,,,,
khazovalexandra,не канал,,,,,,
khudyakovanadya,не канал,,,,,,
kichev_channel,не канал,,,,,,
kikoluv,не канал,,,,,,
kills71,не канал,,,,,,
kimbra_j,не канал,,,,,,
kinutes,не канал,,,,,,
kirasenich,не канал,,,,,,
kirill_kart,не канал,,,,,,
kirill_zolotarev,не канал,,,,,,
kirill_zorinov,не канал,,,,,,
kirealsy,ok,259,20,2026-06-13…2026-07-12,0,0,
kirill_zybin,не канал,,,,,,
kirillpalychh,не канал,,,,,,
kirsanov3axap,не канал,,,,,,
kirillmigel1,ok,190,18,2026-04-08…2026-09-24,0,0,
kiselev_dmitry_vl,не канал,,,,,,
kish7034,не канал,,,,,,
klepikovski,не канал,,,,,,
kkultprosvet,ok,68,14,2025-02-09…2026-03-17,0,0,
klimichevskaya,не канал,,,,,,
klepus,не канал,,,,,,
knatwebde,ok,36,4,2026-03-26…2026-05-01,0,0,
knegatina,не канал,,,,,,
ko6lv,не канал,,,,,,
koch_dsgn,не канал,,,,,,
knyazevco,ok,157,8,2026-02-01…2026-09-26,0,0,
kochkarov,не канал,,,,,,
kolgotnoy_nytik,ok,2,4,2025-09-13…2025-09-13,0,0,
kolodkin_design,ok,245,8,2026-07-30…2026-09-28,0,0,
kolyanych,не канал,,,,,,
kolkitam,ok,81,20,2025-08-12…2026-06-02,0,0,
komelrules,ok,70,9,2025-10-16…2026-05-23,0,0,
komplaens_zapretil,ok,20,20,2026-07-03…2026-08-27,0,0,
konstkonstk,не канал,,,,,,
komma28,ok,263,4,2024-12-10…2024-12-11,0,0,
komnatanablyudeniy,ok,28,9,2026-05-15…2026-09-26,0,0,
kopeykinlive,ok,196,20,2026-09-04…2026-09-28,0,0,
korneva_ea,не канал,,,,,,
korolllev,не канал,,,,,,
kormuhinsy,ok,221,6,2025-10-31…2026-03-08,0,0,
korzhinskiy_v,не канал,,,,,,
kosmatenko,не канал,,,,,,
kost1k337,не канал,,,,,,
kostuums,не канал,,,,,,
kostya_phoenix,не канал,,,,,,
kotelnikovaleksey,не канал,,,,,,
kovach_bren,не канал,,,,,,
kozinahr,не канал,,,,,,
kozinaprocareer,ok,2.21K,13,2026-09-07…2026-09-30,2,0,"Я редко начинаю работу с резюме. | 40% читателей канала уже ищут работу, но не получают нужного результата. И вот ч"
kraffik_agency,ok,324,17,2025-12-31…2026-09-28,1,0,Крик души HR
krausepsd,ok,661,4,2026-03-10…2026-03-27,0,0,
kreativ_v,ok,3,7,2024-11-02…2024-11-14,0,0,
kriguseva,не канал,,,,,,
kris198,не канал,,,,,,
krispoga,не канал,,,,,,
kriscooksmarketing,ok,59,12,2026-03-13…2026-08-08,0,0,
kristina_timorova,не канал,,,,,,
kristens_target,не канал,,,,,,
kristinamykolnikova_hr,ok,303,19,2025-10-07…2026-09-24,0,0,
krsnolya_slideshire,ok,530,14,2026-03-11…2026-09-28,0,0,
krylowlad,не канал,,,,,,
krutik_ai,ok,161,15,2025-09-14…2025-11-16,0,0,
krugzam,ok,77,3,2026-09-28…2026-10-01,0,0,
kryspifall,не канал,,,,,,
ks_abrosimov,не канал,,,,,,
kryshko_ilya,ok,36,18,2025-05-29…2026-02-07,0,0,
ksana_gaidamaka,не канал,,,,,,
ksen_web,не канал,,,,,,
ksenia_stt,не канал,,,,,,
ksenia_zamashchikova_freelance,не канал,,,,,,
kseniacmin,не канал,,,,,,
kseniakazarmshikova,не канал,,,,,,
kseniiavois,не канал,,,,,,
ksenofontov29,не канал,,,,,,
ksenka_getcourse,ok,1.5K,18,2025-12-13…2026-09-30,0,0,
kseniya_journalist_marketing_cv,ok,4,6,2024-07-22…2025-07-04,0,0,
ksshmlhn,ok,139,14,2026-04-27…2026-09-22,0,0,
ksufeta,не канал,,,,,,
kuba_e,не канал,,,,,,
ktonyak_pchela,ok,354,8,2026-04-13…2026-07-11,0,0,
kulan0v,не канал,,,,,,
kukoyamba,не канал,,,,,,
ktozapretit,ok,936,16,2025-09-11…2026-01-07,0,0,
kulikovarseniy,не канал,,,,,,
kulmukhamedovlive,ok,439,10,2026-09-09…2026-09-24,0,0,
kulturnasti,ok,131,6,2026-07-16…2026-09-30,0,0,
kulikovdsgn,ok,134,15,2025-03-18…2026-03-31,0,0,
kuncanton,ok,569,19,2025-09-24…2026-09-29,0,0,
kuralenaa,не канал,,,,,,
kurovmax,ok,1.75K,19,2025-07-19…2025-12-09,0,0,
kutukov_realtor,ok,2.13K,7,2026-09-23…2026-10-01,0,0,
kutepova_recruiter,ok,152,13,2026-09-09…2026-09-28,2,1,"А вот и новая прожарочка! | Мне часто в личку стучатся люди, которые занимаются массовой рассылкой своих рез"
kuzasq,не канал,,,,,,
kutuzovproduction,ok,801,20,2025-05-25…2025-12-31,0,0,
kyratoryulia,не канал,,,,,,
kyrazh_on,не канал,,,,,,
kvokka_txt,ok,205,20,2026-09-24…2026-10-01,0,0,
kzn_mira,не канал,,,,,,
kuznetsovvvvaleksandr,ok,2.51K,9,2026-03-26…2026-09-28,0,0,
l_eXei,не канал,,,,,,
l_tman,не канал,,,,,,
l_nastia,не канал,,,,,,
lab_of_business_solutions,не канал,,,,,,
l_3ft,ok,3,17,2023-05-10…2025-12-24,0,0,
laboratoriyaidei,не канал,,,,,,
lagatskayaap,не канал,,,,,,
lagutindmitry,не канал,,,,,,
LabourEconomy,ok,146,20,2026-07-22…2026-09-30,4,0,От газет до маркетплейсов труда. | Почему теперь бизнес будет нанимать внешний персонал раньше штатного. | Самый острый вопрос к платформам.
lana_iyun,не канал,,,,,,
laninfeaa,не канал,,,,,,
lanstlot,не канал,,,,,,
lapinstrategy,ok,44,9,2026-06-08…2026-09-23,1,0,11 июля в Петербурге пройдёт ProIT Fest. Я там буду и вам рекомендую
laptevserhee,не канал,,,,,,
laptev_kontekst,ok,337,17,2026-07-31…2026-09-30,0,0,
larinahr,не канал,,,,,,
larina_career,ok,3.58K,20,2026-09-21…2026-10-01,0,0,
larinantonv,не канал,,,,,,
laspasso,не канал,,,,,,
lavelina,не канал,,,,,,
laserkeks,ok,41,15,2025-10-14…2026-03-15,0,0,
law_notice,ok,830,19,2026-01-25…2026-09-30,0,0,
lawyersoft,ok,663,20,2026-09-24…2026-10-01,0,0,
lazyacid,не канал,,,,,,
lbc120,ok,147,20,2026-03-08…2026-03-13,0,0,
lazy_pythonists,ok,14,20,2026-07-07…2026-09-24,0,0,
ldnv11,не канал,,,,,,
leadconnect1,ok,908,20,2025-06-20…2026-05-11,0,0,
lebedkinajm,не канал,,,,,,
leenkov,не канал,,,,,,
leadscanr,ok,27,18,2025-10-07…2025-12-29,0,0,
leeroy_h,не канал,,,,,,
legich13,не канал,,,,,,
legalaxios,ok,735,20,2025-09-15…2026-09-13,0,0,
lekalnya3d,ok,89,5,2026-05-15…2026-06-26,0,0,
lenabogdanowa,не канал,,,,,,
lemeshkorecruiting,ok,20,20,2025-08-25…2026-03-10,0,0,
lenaogneva,не канал,,,,,,
leona_marketing,ok,164,13,2025-11-14…2026-03-08,0,0,
lensylife,ok,16,6,2026-09-17…2026-09-27,0,0,
leonorth226we,ok,68,6,2026-09-22…2026-09-27,0,0,
leotokarev,не канал,,,,,,
lera_pervukhina,не канал,,,,,,
leraairelav,не канал,,,,,,
lesn1ch,не канал,,,,,,
lets_build_business,не канал,,,,,,
letsbreakitdown,не канал,,,,,,
lev_khokhlov,не канал,,,,,,
levashova_573,не канал,,,,,,
levislandpublic,ok,22,10,2024-07-09…2025-01-19,0,0,
levchenkostepan,ok,1.68K,20,2026-09-21…2026-09-30,0,0,
levchick_the_videochel,ok,109,13,2025-07-07…2026-09-18,0,0,
lexamarketolog,ok,526,19,2026-08-27…2026-09-27,0,0,
levlevitsky_channel,ok,3.76K,18,2026-04-20…2026-10-01,0,0,
lexmat1988,не канал,,,,,,
ley_ya14,не канал,,,,,,
lexmalinskiy,ok,1.82K,12,2026-08-12…2026-09-30,0,0,
lidiya_mik,не канал,,,,,,
life_ameme13,не канал,,,,,,
lianguzovdesign,ok,3.95K,17,2026-08-17…2026-09-20,0,0,
li_video_arch,ok,1,16,2024-10-18…2025-12-15,0,0,
life_in_trafik,ok,27,20,2026-09-01…2026-09-29,0,0,
lifehackmedia,ok,465,8,2023-03-14…2026-08-24,0,0,
lifeofaparttimestudent,ok,74,7,2026-09-03…2026-09-28,0,0,
lifewithdesign,ok,25,17,2024-12-02…2025-12-10,0,0,
liizsss,не канал,,,,,,
lika,не канал,,,,,,
liliya_bagaeva,не канал,,,,,,
liklord,не канал,,,,,,
like_a_bus_channel,ok,1.82K,17,2026-07-02…2026-09-28,0,0,
like_spock,ok,812,12,2026-06-16…2026-09-09,0,0,
limpa_lok,не канал,,,,,,
lina_bakun,не канал,,,,,,
lina_tlgrm,не канал,,,,,,
linbergxl,не канал,,,,,,
lind_08,не канал,,,,,,
linn001,не канал,,,,,,
lisain,не канал,,,,,,
lisdiz,не канал,,,,,,
lish_instrument_svyatogo_imeni,не канал,,,,,,
linuxops,ok,3,20,2025-10-25…2026-09-30,0,0,
lisimakova,не канал,,,,,,
livardel,не канал,,,,,,
liveitrecruitment,ok,4.24K,20,2026-08-13…2026-09-30,3,1,"#вакансия | Коллеги, c Днём HR-менеджера! | Ищем Middle Project Manager в Fledge (удалёнка)"
liya_story,не канал,,,,,,
livedigital_education,ok,339,11,2026-07-20…2026-10-01,0,0,
liza_pro_career,ok,11,20,2026-07-14…2026-08-10,1,0,"Откликнуться на все подряд - хуже, чем не откликаться вообще"
liza_pishet1,ok,221,6,2026-04-13…2026-07-14,0,0,
lizazapova,не канал,,,,,,
lizapetrushka,ok,181,3,2026-09-30…2026-10-01,0,0,
liza_pro_svet,ok,91,18,2025-12-07…2026-09-07,0,0,
lizkss,не канал,,,,,,
lizzaq,не канал,,,,,,
llenabardd,не канал,,,,,,
lmmmlu,не канал,,,,,,
lnkmrv,не канал,,,,,,
loading_express,не канал,,,,,,
lodichkka,не канал,,,,,,
loftofdesigner,не канал,,,,,,
lomakin_p,не канал,,,,,,
logachit,ok,6.03K,20,2026-03-06…2026-09-25,0,0,
lookyanow,не канал,,,,,,
lonelyprog,ok,24,13,2026-07-21…2026-09-28,0,0,
lopatin_dev,не канал,,,,,,
lordofthethighs,не канал,,,,,,
lu_mer,не канал,,,,,,
lorainlaw,ok,924,8,2026-07-18…2026-09-26,0,0,
lubimenyaysya,ok,92,20,2026-08-25…2026-09-30,0,0,
lud_ai,не канал,,,,,,
luminorium,не канал,,,,,,
lukinateam,ok,3.3K,20,2026-09-15…2026-10-01,3,0,"8 ниш 2027 года, где первые деньги можно получить быстро | От чего зависит результат сделки? | За последние три месяца мне трижды предложили работу. Я ни разу её не искала"
luna_halva_life,ok,1.28K,6,2026-08-23…2026-09-20,0,0,
lunarover,ok,99,20,2026-01-14…2026-09-30,0,0,
lunev_viktor,не канал,,,,,,
lubopyt_no,ok,32,17,2026-06-15…2026-09-23,0,0,
lusygrom,не канал,,,,,,
luvvsj3er,не канал,,,,,,
luzentrega,не канал,,,,,,
lysikovsales,не канал,,,,,,
lyubavinavdele,не канал,,,,,,
lyubov_eskina,не канал,,,,,,
lyubovkopina,ok,222,18,2026-08-28…2026-09-29,0,0,
m007vv,не канал,,,,,,
m1johnson,не канал,,,,,,
m4k4ronin,не канал,,,,,,
m_prodavai,не канал,,,,,,
m_raffael,не канал,,,,,,
M_trafik,не канал,,,,,,
maddesignportfolio,не канал,,,,,,
madina1akimova,не канал,,,,,,
madebylvov,ok,163,5,2026-07-08…2026-09-05,0,0,
mahamerz,не канал,,,,,,
mahmuzar,не канал,,,,,,
mak_ksn,не канал,,,,,,
main_exponat_game,ok,556,15,2026-01-29…2026-04-02,0,0,
maketrurs,не канал,,,,,,
makhlinabolshakov,ok,842,6,2026-07-14…2026-09-29,0,0,
makrushin,ok,3.87K,20,2026-05-12…2026-09-30,0,0,
maksim_homich,не канал,,,,,,
maksim_shostak,не канал,,,,,,
maksimpakhomov1510,не канал,,,,,,
maksiprime,не канал,,,,,,
mall_alp,не канал,,,,,,
malware_ev,не канал,,,,,,
mamarizaev_i_i,не канал,,,,,,
malinstudio,ok,70,7,2025-12-13…2026-09-03,0,0,
manadjar,ok,1.05K,19,2026-09-13…2026-09-30,0,0,
manager_bobi,не канал,,,,,,
manager_of_free_will,не канал,,,,,,
manage_art,ok,95,20,2025-09-22…2026-07-31,0,0,
manager_dot_exe,ok,71,20,2026-09-07…2026-10-01,2,0,"Product Owner в трансграничные платежи | Всем привет! Кидайте в личку резюме и краткую информацию о том, почему именно вы"
manakovnikita,не канал,,,,,,
managerstories,ok,9,6,2024-10-14…2024-11-29,0,0,
manassian,не канал,,,,,,
mannerro,не канал,,,,,,
mannerrom,ok,157,5,2026-05-19…2026-09-04,0,0,
mans_ram,не канал,,,,,,
mar_polly,не канал,,,,,,
mareevsv,не канал,,,,,,
marfaspeak,не канал,,,,,,
margu_art,не канал,,,,,,
maria_malyshevaa,не канал,,,,,,
maria_mirrabelle,не канал,,,,,,
mariaalexandrovnat,не канал,,,,,,
mariaa_marketolog,ok,181,5,2026-02-23…2026-09-03,0,0,
mariababuridi,не канал,,,,,,
marifits,не канал,,,,,,
marina_kuzyakina,не канал,,,,,,
marina_visuals,не канал,,,,,,
marina_omichka,ok,4.81K,15,2026-05-19…2026-10-01,0,0,
marine_design,не канал,,,,,,
mariyadolzhenko,не канал,,,,,,
markeleadpro,не канал,,,,,,
marketermaxim,ok,454,13,2025-06-23…2026-05-07,1,0,Ищу бизнес-ассистента (только СПБ!)
marketing_how,ok,49,6,2025-12-17…2026-04-15,0,0,
marketing_prodaji_ii,не канал,,,,,,
marketing_nikolay,ok,5.51K,17,2026-02-09…2026-08-18,0,0,
marketing_in_development,ok,1.33K,18,2026-09-09…2026-10-01,0,0,
marketingallavas,не канал,,,,,,
marketing_unicorn,ok,268,12,2026-08-06…2026-09-23,0,0,
marketolog_nikita_otziv,не канал,,,,,,
marketingcinemahall,ok,5.58K,6,2026-09-30…2026-10-01,0,0,
marketologinya61,не канал,,,,,,
markpromarketing1,ok,170,10,2026-04-02…2026-09-29,0,0,
marsel_expert,не канал,,,,,,
marusefka,не канал,,,,,,
marsoparfyum,не канал,,,,,,
marsherueva_career,ok,412,20,2026-06-08…2026-09-30,1,0,"Важное напоминание для тех, кто сейчас находится в поиске работы"
marxinc,не канал,,,,,,
mashaandthebear,не канал,,,,,,
mashtalir,не канал,,,,,,
mary_career,ok,32,2,2026-08-23…2026-08-31,0,0,
maskaevay,не канал,,,,,,
maskariel,не канал,,,,,,
maslov_focus,не канал,,,,,,
mastermind_meeting,не канал,,,,,,
matyukhinyaroslav,не канал,,,,,,
max_and_di,не канал,,,,,,
max_it_ya,не канал,,,,,,
max_manages_the_team,не канал,,,,,,
max_turskiy,не канал,,,,,,
maxa_max,не канал,,,,,,
maxdronov2020,не канал,,,,,,
maxim_shmelkov,не канал,,,,,,
maxim_splash,не канал,,,,,,
maximhassan,не канал,,,,,,
maximpantin,не канал,,,,,,
maximai_gpt,ok,235,15,2025-03-08…2025-04-11,0,0,
maxnekhoroshev,не канал,,,,,,
maxorla27,не канал,,,,,,
may_prunky,не канал,,,,,,
maxpromedia,ok,1.69K,13,2026-09-24…2026-10-01,0,0,
mayapopova_mp,не канал,,,,,,
mcpcz,не канал,,,,,,
maybe_digital,ok,250,20,2026-05-26…2026-09-22,0,0,
mcrack25,не канал,,,,,,
mda_denis_antonovich_reviews,не канал,,,,,,
mdaaaa_sh,не канал,,,,,,
mda_denis_antonovich,ok,784,12,2026-09-10…2026-09-28,0,0,
medvedaria,не канал,,,,,,
meirnik,не канал,,,,,,
meandmybudget,ok,237,14,2026-09-06…2026-09-30,0,0,
meissana_official,ok,90,10,2026-08-25…2026-09-28,0,0,
melanysergan,не канал,,,,,,
mekh_life,ok,154,20,2025-08-09…2026-08-27,0,0,
melawy_tyan,не канал,,,,,,
melindatimono,не канал,,,,,,
melnichuk_artem,не канал,,,,,,
melolost,не канал,,,,,,
memefill,не канал,,,,,,
mememanage,не канал,,,,,,
menindev,ok,75,12,2026-01-23…2026-06-12,0,0,
merch_wave,не канал,,,,,,
metodist_course,не канал,,,,,,
mezalexa,не канал,,,,,,
metodkina,ok,75,11,2026-07-15…2026-10-01,0,0,
mgmt_tao,ok,241,20,2026-09-11…2026-09-29,0,0,
mgrsnotdumb,ok,21,20,2026-04-28…2026-09-30,0,0,
mi_memamimu,ok,102,6,2026-07-13…2026-09-20,0,0,
mia_misti,не канал,,,,,,
mietmig,не канал,,,,,,
mihail79999,не канал,,,,,,
mihailsanaev,не канал,,,,,,
mihailshaminru,не канал,,,,,,
mikerevaa,не канал,,,,,,
mikevetkin,не канал,,,,,,
mikniustext,не канал,,,,,,
mil_soneta,не канал,,,,,,
milenamax,не канал,,,,,,
mindminer77,не канал,,,,,,
milapss,ok,63,15,2026-09-21…2026-10-01,0,0,
mindvisitor,не канал,,,,,,
miniappsforlife,не канал,,,,,,
miniwavve,не канал,,,,,,
mintsolutions,не канал,,,,,,
mint_marketing,ok,79,20,2024-12-28…2025-08-12,0,0,
mir_igre,не канал,,,,,,
mir_motiv,не канал,,,,,,
mira_gofman,не канал,,,,,,
miramkuanyshev,не канал,,,,,,
miravis,не канал,,,,,,
mirkib,не канал,,,,,,
mirgoals,ok,359,18,2026-09-09…2026-10-01,0,0,
mirxxart,не канал,,,,,,
mishagermanov,не канал,,,,,,
miss_happy_ann,не канал,,,,,,
mishka_v_kurse,ok,1.12K,20,2026-03-12…2026-09-30,0,0,
mitchdaggerrain,не канал,,,,,,
mixkage,не канал,,,,,,
mister_igor,ok,418,12,2025-12-28…2026-01-24,0,0,
mk_nytvok,не канал,,,,,,
mkkdsgn,не канал,,,,,,
mmartynov,не канал,,,,,,
mmoneymavericks,не канал,,,,,,
mne_17_let,не канал,,,,,,
mochalovairina,не канал,,,,,,
moisey_bmx,не канал,,,,,,
modenskaya_lisa,ok,172,11,2026-08-20…2026-09-28,0,0,
moiseeva_natasha,ok,495,16,2026-06-12…2026-09-30,0,0,
molodec_irina,не канал,,,,,,
mona_ira,не канал,,,,,,
monday2223,не канал,,,,,,
monkeybusinessgoingon,не канал,,,,,,
montegr0,не канал,,,,,,
moonlight_sails,не канал,,,,,,
moodle_plugins,ok,79,20,2025-06-17…2026-03-17,0,0,
mooo_mooo,не канал,,,,,,
moorelar,не канал,,,,,,
mopikalov,не канал,,,,,,
morethan_catherine,не канал,,,,,,
morfardis,не канал,,,,,,
morozover,не канал,,,,,,
mos_kad,ok,10.1K,20,2026-09-19…2026-10-01,0,0,
moscowqa,ok,2.46K,16,2026-08-28…2026-09-30,0,0,
mosdisplay_online,ok,3.8K,16,2026-09-21…2026-10-01,0,0,
moskva_inside,ok,108K,13,2026-09-29…2026-10-01,0,0,
moskva_life,ok,48K,11,2026-09-29…2026-10-01,0,0,
moskva_nonstop,ok,142K,17,2026-09-29…2026-10-01,0,0,
moyo_mylo_ruchnoy_raboty,не канал,,,,,,
mosmur,ok,17.6K,8,2026-09-29…2026-10-01,0,0,
mozhno_silnee,не канал,,,,,,
mr_geeek,не канал,,,,,,
mr_redriver,не канал,,,,,,
mrartrig,не канал,,,,,,
mrpelmeshik,не канал,,,,,,
mrsavelev_design,не канал,,,,,,
mrtivn,не канал,,,,,,
mufelkate,не канал,,,,,,
multiverseinside,не канал,,,,,,
murango,не канал,,,,,,
murriechka,не канал,,,,,,
musiceyess,ok,220,20,2026-07-13…2026-09-30,0,0,
musikhindaniill,не канал,,,,,,
muxvl,не канал,,,,,,
muzanica,не канал,,,,,,
mvd375179,не канал,,,,,,
mxjurko,не канал,,,,,,
mxm_motivation,ok,908,10,2026-09-04…2026-09-30,0,0,
mxter_ru,ok,168,20,2025-04-20…2026-03-19,0,0,
my_own_fun,ok,231,13,2026-09-05…2026-10-01,0,0,
my_vibeee,не канал,,,,,,
myazinas,не канал,,,,,,
mydesignland,не канал,,,,,,
myfeatures,не канал,,,,,,
myhistory72,не канал,,,,,,
mynameisbu,не канал,,,,,,
myfincons,ok,5.27K,18,2026-09-24…2026-10-01,0,0,
mynameispapa,не канал,,,,,,
mypoortfolio,не канал,,,,,,
myy_ann_branding,не канал,,,,,,
myshortnote,ok,2.15K,19,2026-09-04…2026-10-01,0,0,
n1x9s,не канал,,,,,,
n_khamin,не канал,,,,,,
n_nole1997,не канал,,,,,,
n_nole97,не канал,,,,,,
na_udalenk_e,не канал,,,,,,
na_abramova,не канал,,,,,,
nadin_freelance,не канал,,,,,,
nadya_inspo,не канал,,,,,,
nagrani_interface,не канал,,,,,,
nakonechnyi,не канал,,,,,,
namelos,не канал,,,,,,
nareiko,не канал,,,,,,
namazhmenyapolnostyu,ok,139,6,2026-02-07…2026-06-18,0,0,
narrativestudio,не канал,,,,,,
narutskaya,не канал,,,,,,
nast_ale,не канал,,,,,,
nastasiyazz,не канал,,,,,,
nastassiataa,не канал,,,,,,
nastasya_kondratenko,не канал,,,,,,
nastasyadesign,не канал,,,,,,
naster03,не канал,,,,,,
nastyak_graf,не канал,,,,,,
nastyaklim,не канал,,,,,,
nastyanelidova,не канал,,,,,,
nastyay_404,не канал,,,,,,
natairbrash_logo,не канал,,,,,,
natalbaklanova,не канал,,,,,,
natalialehina_translate_teach,ok,85,20,2026-01-06…2026-06-24,0,0,
natalie_effectivelegal,ok,238,20,2026-03-08…2026-08-05,1,0,А что делать-то будем?
natalie_lx,не канал,,,,,,
nataliiizzzz,не канал,,,,,,
nataliyaruchina,не канал,,,,,,
natalya_dolbilova,не канал,,,,,,
natalyalobanova,не канал,,,,,,
natashkakaktus,не канал,,,,,,
natt_iv,не канал,,,,,,
nattunii,не канал,,,,,,
nayaplotnik,ok,9,20,2026-04-06…2026-08-31,0,0,
naydensima,ok,41,18,2026-07-17…2026-10-01,0,0,
nazg_de,ok,91,17,2026-04-13…2026-09-25,0,0,
nb_pro,не канал,,,,,,
ndsgne,не канал,,,,,,
nebicahealth,ok,5,20,2025-05-12…2026-05-07,0,0,
neeqeeteen,не канал,,,,,,
ne_boimsya_buh,ok,28,20,2025-06-09…2026-02-10,0,0,
nebolnotexty,ok,1.72K,20,2026-06-05…2026-09-30,0,0,
negodaeva_production,ok,10,8,2025-10-06…2025-10-06,0,0,
nekolyuchiy,не канал,,,,,,
nellgoldstein,не канал,,,,,,
neirogenius,ok,1.7K,11,2026-09-26…2026-10-01,0,0,
nemnogokitty,не канал,,,,,,
nemarketolog_ch,ok,32,19,2025-06-11…2025-10-08,0,0,
nemodnyhr,ok,50,8,2026-04-29…2026-08-31,1,0,"Привет, коллеги!"
netnemnogo,ok,40,19,2026-08-25…2026-10-01,0,0,
networking_ed,ok,63,20,2026-06-09…2026-09-29,0,0,
nesuraznye,ok,261,18,2025-05-14…2025-10-21,0,0,
neuhr,ok,2.76K,20,2026-02-03…2026-03-12,2,0,"Массовый найм 2026: что реально сломалось, что работает, и где теперь здесь день | Друзья, еще одна новость."
neural_braining,ok,21.5K,19,2026-06-25…2026-09-24,0,0,
neuroautomatizator,ok,62,16,2024-09-23…2026-06-27,0,0,
neuron_expert,ok,35,16,2026-04-25…2026-09-03,0,0,
neuro_interface,ok,427,20,2024-10-09…2025-08-29,0,0,
neurostrategy,ok,527,18,2026-09-09…2026-09-30,0,0,
neurotapki,ok,34,15,2025-03-20…2026-09-26,0,0,
newpagedigital,не канал,,,,,,
nft_community_rus,не канал,,,,,,
nevisart,ok,17,9,2025-08-25…2026-09-27,0,0,
nicktrenkler,не канал,,,,,,
nickvedernikov,не канал,,,,,,
nickolayyuriev,ok,40,20,2026-07-23…2026-10-01,0,0,
nftgkits,ok,3.49K,18,2025-11-30…2025-12-23,0,0,
nightmmaare,не канал,,,,,,
nigmatullina_ira,не канал,,,,,,
nik2277,не канал,,,,,,
nik_kop,не канал,,,,,,
nik_kostromichev,не канал,,,,,,
nikiforok,ok,999,11,2025-07-28…2026-01-28,0,0,
nikita_vse_po_plany,не канал,,,,,,
nikitaaksenov,не канал,,,,,,
nikitaevai,не канал,,,,,,
nikitayev,не канал,,,,,,
nikkostichev,не канал,,,,,,
nikolai_13_8,не канал,,,,,,
nikolastar,не канал,,,,,,
nikolay_tsvetkov,не канал,,,,,,
nk0valev,не канал,,,,,,
nikolaevfrontend,ok,60,19,2026-03-11…2026-09-13,0,0,
nistratovonline,ok,331,15,2026-07-28…2026-09-30,0,0,
nitisyd,ok,345,17,2026-09-16…2026-10-01,0,0,
nk_iskrennost,не канал,,,,,,
nn_izmailova,не канал,,,,,,
nnickname,не канал,,,,,,
nnoir143,не канал,,,,,,
no1eay,не канал,,,,,,
nk_voice,ok,70,20,2025-06-08…2025-11-19,0,0,
no_freaking_idea,не канал,,,,,,
noeleganza,не канал,,,,,,
non_fishkin,ok,328,9,2026-08-26…2026-09-18,0,0,
noparanoya,не канал,,,,,,
nonboringservice,ok,969,10,2026-06-11…2026-09-11,0,0,
norchikrad,не канал,,,,,,
noproducer,ok,2.66K,12,2026-09-17…2026-10-01,0,0,
norcinhoworkshop,не канал,,,,,,
notawha1e3,не канал,,,,,,
nostressmoremoney,ok,63,12,2025-12-21…2026-10-01,0,0,
note_to_cco,ok,785,15,2026-07-29…2026-10-01,0,0,
novakvv23,не канал,,,,,,
notjustslides,ok,39,15,2025-04-01…2025-05-24,0,0,
novopoltsev_pavel,ok,1.23K,20,2026-09-01…2026-10-01,0,0,
nsushkova,не канал,,,,,,
novostroiki_bez_granic,ok,148,12,2026-09-21…2026-10-01,0,0,
nstechtalks,ok,1.13K,10,2026-04-28…2026-09-28,1,0,NS Tech Talks ×
ntylkovich,не канал,,,,,,
nu_chtotam,ok,55,19,2025-10-20…2026-05-06,3,0,"Как искать вакансии в LinkedIn правильно (многие до сих пор не знают этот способ | Изнанка hh.ру | Ладно, давайте честно. Тишина здесь была долгая. Я это заметила. Вы это заметили"
nununi,не канал,,,,,,
nurraliev,не канал,,,,,,
numikhail,ok,236,15,2025-11-25…2026-07-20,0,0,
nutanik,не канал,,,,,,
nuulya,не канал,,,,,,
nvkdesign,не канал,,,,,,
o_22_arkhipov_22,не канал,,,,,,
o_kester_o,не канал,,,,,,
nvzverev,ok,3,15,2025-10-30…2026-02-26,0,0,
o_prime,не канал,,,,,,
o_twisto,не канал,,,,,,
obelenets,не канал,,,,,,
obukhtiyatova,не канал,,,,,,
obratsvaz,ok,660,18,2025-05-26…2025-08-25,0,0,
obulygin91,не канал,,,,,,
ocelloid,не канал,,,,,,
ocherednayae,не канал,,,,,,
ocherednayaneiro,ok,200,12,2026-08-03…2026-09-27,0,0,
ogo_tanya,не канал,,,,,,
ogoodmood,не канал,,,,,,
octopus_legs,ok,439,11,2026-06-14…2026-08-31,0,0,
ohcomms,ok,110,10,2026-02-16…2026-05-26,0,0,
ohhcheese,не канал,,,,,,
ohmyleadchannel,ok,9,20,2025-08-25…2025-10-10,0,0,
ohshhhhh,ok,132,12,2026-01-30…2026-04-23,0,0,
oi_esperanza,не канал,,,,,,
ojomonkey,ok,1.54K,14,2026-08-04…2026-09-30,0,0,
ok_client,ok,1.25K,14,2025-11-14…2026-08-17,0,0,
okeanseo,не канал,,,,,,
ok_life_system,ok,119,18,2026-03-23…2026-09-21,0,0,
okenigsberg100lichno,ok,50,15,2026-01-06…2026-10-01,0,0,
oksana_my_life,не канал,,,,,,
okkk_club,ok,30.6K,15,2026-09-16…2026-09-29,0,0,
oksana_pivnenko,не канал,,,,,,
oksanavoloshchuk,не канал,,,,,,
oksart00,не канал,,,,,,
oksanamission,ok,585,14,2025-03-30…2026-01-16,0,0,
olegbrand,не канал,,,,,,
oldernew_art,ok,178,20,2026-09-12…2026-09-30,0,0,
olesyasv1,не канал,,,,,,
oleynik_a,не канал,,,,,,
olga_insta_creative,не канал,,,,,,
olga_sorokina_khv,не канал,,,,,,
olga_v_digital,не канал,,,,,,
olgaba73,не канал,,,,,,
olyaples,не канал,,,,,,
olgahealthcare,ok,126,16,2026-06-01…2026-10-01,0,0,
olidiva,ok,1.25K,17,2026-09-26…2026-10-01,0,0,
ommarsher,не канал,,,,,,
on_azat,не канал,,,,,,
on_plc,не канал,,,,,,
one_pixel_right,ok,109,12,2026-02-27…2026-03-24,0,0,
onebyteblog,ok,32,13,2024-11-22…2026-09-19,0,0,
oneki_art,ok,16,12,2025-02-17…2026-02-27,0,0,
ooosergeev,не канал,,,,,,
oooyans,не канал,,,,,,
opersimple,ok,59,17,2026-08-26…2026-09-30,1,0,ТОС-критерии: как оценить кандидата на входе
optimacros,ok,1.3K,6,2026-09-22…2026-09-30,0,0,
oromuerto,не канал,,,,,,
orekhov_service,ok,720,20,2026-03-10…2026-05-07,0,0,
opensource_ux,ok,299,20,2025-05-13…2025-10-20,0,0,
osinovik_dsgn,не канал,,,,,,
osipoffa,не канал,,,,,,
osipov_artur,не канал,,,,,,
osman_bekirov_designer,не канал,,,,,,
osmanovtimur,не канал,,,,,,
otdelofmarketing,не канал,,,,,,
otmakhov,не канал,,,,,,
otclic,ok,130,12,2026-09-15…2026-10-01,0,0,
otzivi_juliacherkez,ok,9,12,2026-01-11…2026-08-21,0,0,
otzov_vladinfo,ok,3,4,2025-03-01…2025-03-01,0,0,
overmars87,не канал,,,,,,
ovanesova_career,ok,658,17,2026-06-09…2026-10-01,0,0,
ovlazhnom,ok,115,12,2024-11-28…2025-02-26,0,0,
ovsova_daria,не канал,,,,,,
oxana_khabarova_hrd,не канал,,,,,,
padanilenko,не канал,,,,,,
pablomoro,не канал,,,,,,
oxotatech,ok,1.02K,18,2025-08-08…2026-07-18,0,0,
panarina_diana,не канал,,,,,,
p_agapova,ok,111,19,2025-04-30…2025-07-08,0,0,
parfenov407,не канал,,,,,,
parseeek,не канал,,,,,,
pandfinn,ok,297,20,2025-12-02…2026-10-01,0,0,
pashagamzovich,не канал,,,,,,
path_to_smyslu,не канал,,,,,,
patralova_anastasia,ok,368,14,2026-06-06…2026-09-16,0,0,
pavel_karanevich,не канал,,,,,,
pavel_kondrat,не канал,,,,,,
pavel_a_mobile,ok,68,20,2026-01-01…2026-04-12,0,0,
pavel_popovkin,не канал,,,,,,
pavelbeayty,не канал,,,,,,
pavelnikiforov,не канал,,,,,,
pavelzaitsev,не канал,,,,,,
pbi_vlog,ok,147,20,2023-10-07…2025-07-01,0,0,
pavlovproit,ok,28,20,2024-09-12…2025-09-11,0,0,
peanut_product,не канал,,,,,,
permyakov_event,не канал,,,,,,
peshan4,не канал,,,,,,
peter_simonenko,не канал,,,,,,
peterburgskoe,не канал,,,,,,
petr_zhemchugov,не канал,,,,,,
petrova_mood,не канал,,,,,,
petr_targonskiy,ok,458,16,2026-05-01…2026-09-14,0,0,
petrukhinadaria,не канал,,,,,,
ph_klimenko,не канал,,,,,,
phdyib,не канал,,,,,,
pherum,не канал,,,,,,
philippova_marketing,не канал,,,,,,
photographypenza58,ok,354,7,2026-03-25…2026-08-09,0,0,
photoudzen,ok,179,13,2025-11-25…2026-06-01,0,0,
pifuni,не канал,,,,,,
pitinova_vera,не канал,,,,,,
pixelviladzh,не канал,,,,,,
pirhanova,ok,476,19,2026-06-01…2026-09-09,0,0,
pivo_txt,ok,1.46K,16,2026-09-04…2026-10-01,0,0,
piyanzinems,ok,427,19,2026-08-19…2026-09-28,0,0,
plantarys,ok,195,12,2026-06-29…2026-09-22,0,0,
platonreal,не канал,,,,,,
plav1t,не канал,,,,,,
pm_cloud,не канал,,,,,,
plotnikovadev,ok,704,8,2026-05-05…2026-09-05,0,0,
pmedtech,не канал,,,,,,
pm_rogozhin_skepsis,ok,372,15,2026-06-17…2026-09-20,0,0,
pmbbk,ok,2.88K,20,2026-06-02…2026-06-10,0,0,
pmmpractice,не канал,,,,,,
pmnavru,ok,279,18,2026-07-27…2026-10-01,0,0,
pmresearchspb,не канал,,,,,,
pmvision_ai,не канал,,,,,,
pochtibereza,ok,693,15,2026-01-20…2026-09-28,0,0,
podcast_change,ok,1.05K,4,2026-09-06…2026-09-27,0,0,
podrezof,не канал,,,,,,
podzorovea,не канал,,,,,,
podumay_zavtra,ok,47,14,2026-09-11…2026-10-01,0,0,
pogovorimpsy,не канал,,,,,,
poisktovarakitai,не канал,,,,,,
pointinspiration,ok,460,20,2026-03-11…2026-09-30,0,0,
polikarpovalexander,не канал,,,,,,
poli_hunt,ok,1.55K,10,2026-09-18…2026-10-01,1,0,#вакансиядня
polina_omw,не канал,,,,,,
polinaidea,не канал,,,,,,
polinaindig,не канал,,,,,,
polinashalma,не канал,,,,,,
polinatargett,не канал,,,,,,
polly_product_manager,не канал,,,,,,
polishapolyglot,ok,13,20,2025-03-08…2026-08-19,0,0,
pollyaleksina,не канал,,,,,,
poltavsky_vladimir,не канал,,,,,,
polynad,не канал,,,,,,
ponyatno_chtodalshe,не канал,,,,,,
portfoliodm,не канал,,,,,,
ponomarev1c_channel,ok,33,19,2026-08-29…2026-10-01,0,0,
portfoliozess,не канал,,,,,,
postnikova_irina,не канал,,,,,,
potapovdenis,не канал,,,,,,
positive_investments,ok,2.55K,20,2026-09-24…2026-10-01,0,0,
poupiv,не канал,,,,,,
poupock,не канал,,,,,,
pozdnyakovyura,не канал,,,,,,
pozovite_operatora,ok,78,17,2025-03-23…2026-02-24,0,0,
pr_whors,не канал,,,,,,
practicumtech,ok,11.2K,14,2026-09-02…2026-09-30,0,0,
praktikapsychologa,не канал,,,,,,
pravo_na_trud_rf,не канал,,,,,,
predmasinfographic,не канал,,,,,,
prescort_time,не канал,,,,,,
prdctdsgnr,ok,1.32K,14,2026-06-18…2026-09-03,1,0,"Приветы, ворвусь в рабочий четверг с кличем о поиске дизайнеров. Ищу себе в кома"
press_any_button,ok,2.35K,20,2026-08-31…2026-09-30,0,0,
prikoldesus,ok,191,8,2025-06-04…2025-08-01,0,0,
primacoach,ok,131,20,2024-07-04…2024-08-22,0,0,
printinglane,не канал,,,,,,
pritvoduct,не канал,,,,,,
pro_anaru,не канал,,,,,,
pristanishe_dsgn,ok,139,15,2025-06-05…2026-02-23,0,0,
pro_dvizaty,не канал,,,,,,
pro_imho,ok,353,12,2026-06-12…2026-09-23,0,0,
pro_pro_duct,не канал,,,,,,
pro_rost_nb,не канал,,,,,,
pro_outsourcing,ok,602,20,2026-09-04…2026-09-30,1,0,"Если в бизнесе горит всё - скорее всего, проблема всего одна"
pro_uix,ok,430,20,2026-07-03…2026-09-28,0,0,
probizonsales,не канал,,,,,,
probuzhdai_svouy_pamyat,не канал,,,,,,
procoachai,ok,135,15,2026-07-21…2026-10-01,0,0,
probondsrf,ok,1.23K,20,2026-09-04…2026-10-01,0,0,
prod198,не канал,,,,,,
prodariya,не канал,,,,,,
prodaria_hr,не канал,,,,,,
prodmamontov,ok,855,17,2026-07-02…2026-09-24,0,0,
prodtehkonsult,не канал,,,,,,
product0creator,не канал,,,,,,
product_about_products,не канал,,,,,,
product_bulochka,не канал,,,,,,
product_chaos,не канал,,,,,,
product_on_fire,не канал,,,,,,
product_case_every_day,ok,2.47K,20,2026-02-24…2026-09-08,0,0,
product_fm,ok,141,15,2026-09-09…2026-09-16,0,0,
product_ninja,ok,1.16K,20,2025-11-21…2026-09-23,2,0,"Как добиться того, что рекрутеры и CPO захотели с вами пообщаться? | Почему затишье в канале?"
product_vector,не канал,,,,,,
productdataanalytics,ok,1.16K,15,2026-06-15…2026-09-28,1,0,Над чем я сейчас работаю: начальные этапы
productgames,ok,10.3K,19,2026-09-04…2026-10-01,3,0,"Помимо приложения еще наконец обновила лендинг Product Games. | Главный сценарий использования ИИ — не код и не письма. Это | Иногда в соседнем канале шерю интересные вакансии, на которые можно откликнуться"
productmarketingforlove,не канал,,,,,,
producthr,ok,2.86K,17,2026-08-14…2026-09-25,2,2,ЖЕСТЬ И ТРЕНДЫ НАЙМА В 2026 ГОДУ! | ЖЕСТЬ И ТРЕНДЫ НАЙМА В 2026 ГОДУ!
productologi,не канал,,,,,,
productoriaspace,не канал,,,,,,
productsinstructions,не канал,,,,,,
productsense,ok,16.5K,5,2026-09-19…2026-09-30,0,0,
productsgossip,ok,2.09K,20,2026-08-09…2026-09-29,0,0,
productpanch,ok,144,20,2026-04-06…2026-08-13,0,0,
prodvigenie_seo,не канал,,,,,,
prodvinuexperta,не канал,,,,,,
productvc,ok,5.95K,20,2026-08-06…2026-10-01,2,1,"А что, если вместо очередной конференции просто сходить внутрь Точка Банка и пос | LinkedIn это не резюме, которое один раз заполнил и ждёшь, когда тебя найдут. Эт"
profastcode,не канал,,,,,,
prodwise,не канал,,,,,,
profsaltykov,не канал,,,,,,
progplants,не канал,,,,,,
projarka_marketing,не канал,,,,,,
projectmonday,не канал,,,,,,
projectary,не канал,,,,,,
projectrocket,не канал,,,,,,
projectninja,ok,292,20,2026-06-01…2026-09-26,0,0,
prokolesa_krd,не канал,,,,,,
promtaiagent,не канал,,,,,,
prokontent_1,не канал,,,,,,
pronina_communications,ok,48,11,2022-03-11…2026-09-23,0,0,
prostitenonet,не канал,,,,,,
prostoproseo,не канал,,,,,,
pronkinproit,ok,93,14,2026-08-24…2026-10-01,0,0,
prostohrmir,ok,609,18,2026-08-17…2026-10-01,0,0,
prosvetova_natalie,не канал,,,,,,
prosvirkink,не канал,,,,,,
prouxr,не канал,,,,,,
proximus_tg,не канал,,,,,,
proyavleniemisli,не канал,,,,,,
prozorovskiy,не канал,,,,,,
prozvishe,не канал,,,,,,
prt_777,не канал,,,,,,
przlobina,не канал,,,,,,
psreflection,не канал,,,,,,
psychoanalisys_it,не канал,,,,,,
psy_ksusha,ok,955,14,2026-06-22…2026-09-30,0,0,
psydjo,не канал,,,,,,
psyholog_place,не канал,,,,,,
psychologistgs,ok,303,19,2026-04-22…2026-09-04,0,0,
psysvirina,не канал,,,,,,
ptashka_des,не канал,,,,,,
puteschestvuichat,не канал,,,,,,
pufaza,не канал,,,,,,
puwka_sharp,не канал,,,,,,
qleko,не канал,,,,,,
qatodev,ok,3.55K,11,2026-06-16…2026-10-01,0,0,
qqafaqq,не канал,,,,,,
quilla_estrella,не канал,,,,,,
quzzen,не канал,,,,,,
qweeerx,не канал,,,,,,
rabotasgolovoy,не канал,,,,,,
rabiosv,не канал,,,,,,
r_email,ok,530,20,2026-05-15…2026-08-31,0,0,
rabotatutto1,ok,1.62K,20,2026-09-01…2026-10-01,1,0,Менеджер по подбору и адаптации персонала
raccoon_meh,не канал,,,,,,
radio_vasya,не канал,,,,,,
radistka_k,не канал,,,,,,
ramaxx8,не канал,,,,,,
rain_ovchar,ok,641,18,2026-09-22…2026-10-01,0,0,
ramil_zakizyanov,не канал,,,,,,
ras0087,не канал,,,,,,
rasfront,не канал,,,,,,
razve_eto_ok,не канал,,,,,,
razbudimircraft,ok,143,3,2026-06-21…2026-09-16,0,0,
razrikhlitel,ok,1.48K,15,2026-08-13…2026-09-18,0,0,
razvorot_v_kod,не канал,,,,,,
rdmru,ok,3.15K,20,2025-12-02…2026-09-28,0,0,
re_designer,не канал,,,,,,
readmy1,не канал,,,,,,
real,не канал,,,,,,
readyfortesting,не канал,,,,,,
real_recruiting,не канал,,,,,,
realitymap,не канал,,,,,,
realkitay,не канал,,,,,,
realradzatebya,не канал,,,,,,
realnyetvari,не канал,,,,,,
realty_rbc,ok,43K,20,2026-09-28…2026-10-01,0,0,
recruiter_in_action,ok,365,15,2025-04-01…2025-06-06,0,0,
recruitingcenter,не канал,,,,,,
recruiters_rules,ok,4.8K,19,2026-03-04…2026-10-01,2,0,Понедельник. 9:00. | Этим занимался не я
recruiterschronicle,ok,101,20,2024-10-14…2026-08-20,3,0,"Заменит ли ИИ вашу профессию? | Есть у меня один guilty pleasure, который принято считать странным. | Забавно наблюдать: на мой пост выше здесь, в Telegram, HR-аудитория отреагировал"
redikan,не канал,,,,,,
recrytingit,ok,1.97K,20,2026-09-23…2026-10-01,1,1,"Сразу оговорюсь, что это пост не для критики и не для бросания палками."
redhead_product,ok,724,13,2026-06-05…2026-09-08,0,0,
redikangamedev,ok,185,12,2026-03-11…2026-09-21,0,0,
redmeloncoo,не канал,,,,,,
reds51_dlya_nedizaynerov,не канал,,,,,,
reklamarabotaet,не канал,,,,,,
releasewastomorrow,не канал,,,,,,
remeslodesign,не канал,,,,,,
reklamavtgads,ok,782,18,2026-04-07…2026-08-31,0,0,
remonts_dom,ok,57,3,2026-04-15…2026-05-22,0,0,
remote_worker_on_walk,не канал,,,,,,
remotecomms,не канал,,,,,,
research_resp,ok,3.34K,20,2026-08-30…2026-09-30,0,0,
restobym,не канал,,,,,,
retrohr,не канал,,,,,,
restogid_ufa,ok,2.44K,7,2025-11-14…2025-12-04,0,0,
retrypoetry,ok,286,10,2026-09-09…2026-09-30,0,0,
revdan,не канал,,,,,,
reworldnow,не канал,,,,,,
revelato_zero,ok,171,20,2026-09-20…2026-10-01,1,0,"А какое должно быть портфолио, чтобы…"
reysbih,не канал,,,,,,
rff_channel,ok,16.9K,16,2026-09-22…2026-10-01,0,0,
ri4444,ok,1.13K,8,2026-08-20…2026-09-30,0,0,
richattorney,не канал,,,,,,
richpeter1,не канал,,,,,,
ride_create_and_film_it,не канал,,,,,,
ridoshirina,не канал,,,,,,
rieltor_anastasi,не канал,,,,,,
rimsibru,не канал,,,,,,
right_line,ok,187,14,2026-09-08…2026-09-29,0,0,
rijiypijiy,ok,240,11,2026-07-31…2026-10-01,0,0,
rin_designs,не канал,,,,,,
rinaaaamr,не канал,,,,,,
rinat_adgamov,не канал,,,,,,
rinengen,не канал,,,,,,
ringov,ok,1.31K,7,2026-07-17…2026-09-20,0,0,
risk_colleague,не канал,,,,,,
rissska,не канал,,,,,,
ringova,ok,1.26K,15,2026-07-01…2026-09-28,0,0,
ritmo_studio,ok,659,8,2026-06-30…2026-09-25,0,0,
roadmap_product,не канал,,,,,,
rodion_ai,не канал,,,,,,
rodion_kochetkov,не канал,,,,,,
rodionova_cx,не канал,,,,,,
rogachevdv,не канал,,,,,,
rogooo,не канал,,,,,,
roma_t1,не канал,,,,,,
rojo_studio,ok,701,13,2025-05-26…2025-10-20,0,0,
romandenisov,не канал,,,,,,
romanrux,не канал,,,,,,
roma_vatrikovsky,ok,228,12,2026-08-07…2026-09-24,0,0,
romanssss9,не канал,,,,,,
romapunch,не канал,,,,,,
romavasilyev,не канал,,,,,,
roots_design_history,ok,611,4,2026-09-28…2026-10-01,0,0,
ropchanel,ok,161,12,2026-09-16…2026-10-01,0,0,
romul_rim,ok,103,18,2025-04-25…2026-05-31,0,0,
rosykorsakova,не канал,,,,,,
rozhkovmarketing,ok,455,18,2025-07-22…2026-06-09,0,0,
rozhkovskaya_lina,не канал,,,,,,
rpolyar,не канал,,,,,,
rukeruka_ct,не канал,,,,,,
rqne_kavizina,ok,26,5,2025-12-14…2026-09-22,0,0,
rusnetint,не канал,,,,,,
russell_twin,не канал,,,,,,
russianmagellan,ok,17.2K,8,2026-09-20…2026-09-29,0,0,
rwb_press_service,ok,25.5K,17,2026-09-14…2026-09-30,0,0,
rzb8lm,не канал,,,,,,
ryskina_hr,не канал,,,,,,
s_kalinova_landing,ok,276,7,2026-09-07…2026-09-24,0,0,
s_revan,не канал,,,,,,
s_leva,ok,1.32K,20,2026-03-29…2026-10-01,0,0,
safedrop,не канал,,,,,,
sadykoffaydar,не канал,,,,,,
sa_chulan,ok,1.81K,20,2025-11-18…2026-05-30,0,0,
sairekset,не канал,,,,,,
sajuna,не канал,,,,,,
salatno,ok,70,10,2025-11-21…2026-09-19,0,0,
sales4infobiz_beliakov,ok,827,13,2026-05-20…2026-09-18,0,0,
sales_bitch,ok,22,20,2024-12-12…2025-11-21,1,1,АККАУНТ-МЕНЕДЖЕР НАЙДИСЬ
salesandra,не канал,,,,,,
salesgeekss,не канал,,,,,,
salimov_it,ok,147,11,2025-05-30…2025-11-21,0,0,
salmushev_blog,ok,485,12,2026-09-11…2026-09-30,0,0,
salmushev_life,ok,72,19,2026-07-11…2026-08-19,0,0,
salovtalk,ok,42,12,2026-01-30…2026-09-09,0,0,
samarkins,не канал,,,,,,
samirsatellite,не канал,,,,,,
samoletovp,не канал,,,,,,
san9dev,не канал,,,,,,
samoletov3d,ok,57,11,2025-06-29…2026-06-30,0,0,
sanbad88,не канал,,,,,,
samusenkodev,ok,50,4,2026-07-04…2026-09-17,0,0,
sandothegreat,не канал,,,,,,
sappynastia,не канал,,,,,,
sash_balash,не канал,,,,,,
sasha_2692,не канал,,,,,,
sasha_sedaeva,не канал,,,,,,
sasha_pandaads,ok,2.17K,18,2025-11-11…2026-08-03,0,0,
sasha_yep,не канал,,,,,,
sashakrauze,не канал,,,,,,
sashanavigates,не канал,,,,,,
say_ann,не канал,,,,,,
savkiinn,не канал,,,,,,
saveboard,ok,108,20,2024-08-21…2025-05-29,0,0,
sayana_ni,не канал,,,,,,
sayhode,не канал,,,,,,
sbusygin,не канал,,,,,,
sbsbts,ok,710,9,2026-06-30…2026-09-22,1,0,"Мы в агентстве растем, финалим сайт, готовимся запустить несколько новых услуг. "
scorpion4eg,не канал,,,,,,
sca_cka,ok,28,8,2026-03-01…2026-09-08,0,0,
science_handmade,ok,19,17,2025-05-18…2026-08-24,0,0,
sdergacheva,не канал,,,,,,
sedaevaa,не канал,,,,,,
sealexandr,не канал,,,,,,
seekonnov,не канал,,,,,,
sekretzozh,ok,56,20,2026-03-13…2026-09-06,0,0,
selfcoaching_marafon,ok,45,20,2024-02-10…2024-02-10,0,0,
sellsmartbygushchin,не канал,,,,,,
semenov,ok,6,3,2022-12-09…2025-12-16,0,0,
selfstudygame,ok,2.71K,20,2026-05-04…2026-06-10,0,0,
senchenko_careercoach,ok,1.02K,20,2026-09-01…2026-09-29,0,0,
senatorov_head,ok,2.14K,11,2026-07-13…2026-09-28,1,0,Всегда держите историю в рукаве
seo_webmaster,не канал,,,,,,
seo_mood,ok,44,20,2026-08-18…2026-10-01,0,0,
seokey_alena,не канал,,,,,,
seoslon_krsk,не канал,,,,,,
serafima_buravskaya,не канал,,,,,,
seqfar,не канал,,,,,,
serafimos,ok,1,2,2025-05-11…2025-05-11,0,0,
sergeevnnnaa,не канал,,,,,,
sergei_vtg,не канал,,,,,,
sergey_guz,не канал,,,,,,
sergei_predvoditelev,ok,1.2K,16,2026-07-30…2026-10-01,0,0,
sergey_zs_sz,не канал,,,,,,
sergei_rusinov,ok,276,16,2026-08-01…2026-09-25,0,0,
sergeydatsiy,не канал,,,,,,
sergeypalichit,не канал,,,,,,
serguccic,не канал,,,,,,
sergeyguzpro,ok,192,20,2025-11-12…2025-12-29,0,0,
sergeynasyrow,ok,327,20,2026-05-24…2026-09-29,0,0,
sergybergman,не канал,,,,,,
sestufa,не канал,,,,,,
servibe,ok,12,15,2026-03-05…2026-07-09,1,0,записки из
severniy_dividend,не канал,,,,,,
sewing_catalog,не канал,,,,,,
sexy_design,ok,214,11,2026-08-12…2026-09-27,0,0,
sf_shumm,не канал,,,,,,
sgsmirnov82,не канал,,,,,,
sgaryaev,ok,277,19,2026-01-01…2026-08-12,0,0,
shabaliniinvest,ok,1.55K,11,2026-09-24…2026-10-01,0,0,
shafiev_n,не канал,,,,,,
shaklemon,ok,105,18,2026-09-25…2026-10-01,0,0,
shalor1k,не канал,,,,,,
sharlottasay,не канал,,,,,,
shakshakomar,ok,99,4,2026-01-17…2026-02-23,0,0,
sharovtext,не канал,,,,,,
sharovtext_canal,ok,190,20,2025-12-29…2026-08-06,0,0,
sharukhanov,не канал,,,,,,
sharunin,не канал,,,,,,
shatrykin,не канал,,,,,,
sharq_analytics,ok,6.15K,20,2026-08-08…2026-09-07,0,0,
shelya_designers_notes,не канал,,,,,,
sherlock_hl,не канал,,,,,,
shekhovplus,ok,231,17,2025-07-24…2026-09-02,1,0,Яндекс ищет DesignOps-менеджер в управление дизайна Фантеха
shepeleva_ks,ok,250,12,2026-05-14…2026-09-23,0,0,
shevchenko_tim,ok,129,13,2026-08-13…2026-09-28,0,0,
shevdmitriy,не канал,,,,,,
shikhman_m_k,не канал,,,,,,
shinee_chu,не канал,,,,,,
shifthappensjuliak,ok,239,10,2026-08-23…2026-09-30,0,0,
shishelov_s,ok,30,4,2026-07-24…2026-09-06,0,0,
shkaf50,ok,62,15,2026-04-23…2026-09-07,0,0,
shkipperbbx,не канал,,,,,,
shmelvfx,не канал,,,,,,
shmelvfxx,не канал,,,,,,
shtrems,не канал,,,,,,
shulman13,не канал,,,,,,
shvvtss,не канал,,,,,,
shokdisgn,ok,258,8,2026-09-23…2026-10-01,0,0,
showtimekseniia,ok,154,12,2026-08-28…2026-09-17,0,0,
sila2,не канал,,,,,,
simplauseful,не канал,,,,,,
sibdevjun,ok,640,20,2026-08-12…2026-09-29,0,0,
shvvtssa,ok,132,4,2026-08-23…2026-09-19,0,0,
sipuha_18,не канал,,,,,,
siriusvi,не канал,,,,,,
sizov_evgenii,не канал,,,,,,
sitetusovka,ok,65,20,2026-07-06…2026-09-23,0,0,
sistem_ceo,ok,202,19,2026-07-14…2026-09-28,0,0,
sizovanatalyaa,ok,166,15,2026-01-28…2026-08-24,0,0,
sk_acc,не канал,,,,,,
skakun_2a,ok,6,2,2025-01-10…2026-05-28,0,0,
skeetls_channel,ok,77,15,2025-06-04…2026-09-10,0,0,
skettchtime,ok,305,15,2026-08-14…2026-09-24,0,0,
skosyrev_avm,не канал,,,,,,
sklyominanotes,ok,53,20,2025-06-09…2026-06-12,0,0,
skleyka_raw,ok,39,9,2026-08-23…2026-09-21,0,0,
sky_life6,не канал,,,,,,
skufiter,ok,129,5,2026-09-15…2026-10-01,0,0,
skywalk2205,не канал,,,,,,
slastionov,не канал,,,,,,
slava_galenko,не канал,,,,,,
slavatbank,не канал,,,,,,
sleepycoffeet,не канал,,,,,,
sliderina,не канал,,,,,,
sleepycoffeem,ok,12,17,2026-06-27…2026-09-25,0,0,
smart_mgmt,ok,766,11,2026-03-03…2026-06-21,0,0,
smestavcareer,ok,8.39K,18,2026-08-27…2026-10-01,0,0,
smetnev_rocknroll,ok,11.9K,17,2026-09-10…2026-10-01,0,0,
smarthomeiseasy,ok,464,20,2024-02-17…2026-01-02,0,0,
smirnov_automat,ok,268,20,2026-03-21…2026-09-18,0,0,
smm_mag,ok,4,8,2025-11-29…2026-09-15,0,0,
smmagiconline,ok,341,12,2026-05-13…2026-09-04,0,0,
smm_v_nedvigimosti,ok,4K,19,2026-04-21…2026-08-29,0,0,
smmatmosphere,ok,133,16,2026-04-07…2026-08-28,0,0,
smmbdcm,ok,174,16,2026-06-29…2026-09-08,0,0,
smmfisher,ok,30,12,2026-09-03…2026-09-27,0,0,
smolentssev,не канал,,,,,,
snakcat,не канал,,,,,,
smthonit,ok,67,20,2026-09-01…2026-10-01,0,0,
snegviule_notes,ok,2.8K,18,2026-07-07…2026-09-30,0,0,
snoskova,не канал,,,,,,
snowsavi,не канал,,,,,,
sobolevacm,не канал,,,,,,
soboll7,не канал,,,,,,
socgran,не канал,,,,,,
sochi_s_razmahom,не канал,,,,,,
soc_blog,ok,93,10,2026-07-02…2026-09-25,0,0,
socinno,ok,35,20,2025-10-22…2026-09-29,0,0,
sofi_marketing,не канал,,,,,,
sofiagagara,не канал,,,,,,
sofiyaborschyova,не канал,,,,,,
sokolov_outreach,не канал,,,,,,
sokolov_broadcasting,не канал,,,,,,
softline,ok,14.8K,16,2026-09-14…2026-10-01,0,0,
sokolovvdan,не канал,,,,,,
sokolovkg,не канал,,,,,,
soloveichuk,не канал,,,,,,
somethingdoer,ok,62,9,2026-09-03…2026-10-01,0,0,
somistar,не канал,,,,,,
soniabootkovsky,не канал,,,,,,
sonniedeff,не канал,,,,,,
sonyaazimova,не канал,,,,,,
soolovev,не канал,,,,,,
sorokina_design,не канал,,,,,,
sosnovska_yaa,не канал,,,,,,
sothatwat,не канал,,,,,,
soulpsybody,не канал,,,,,,
sovet_duma,не канал,,,,,,
spacemetall,не канал,,,,,,
sovetexpert,ok,2.28K,15,2026-07-14…2026-08-27,0,0,
soznatelno_ya,ok,314,17,2026-07-08…2026-09-29,0,0,
spartakivanov,не канал,,,,,,
specialist2leader,не канал,,,,,,
speed_grandma,не канал,,,,,,
speech_arch,ok,357,18,2025-09-17…2026-09-05,0,0,
spherical_cubexd,не канал,,,,,,
spoau,не канал,,,,,,
spotted_in_products,ok,1.4K,14,2025-08-19…2026-07-17,0,0,
sskork,не канал,,,,,,
sss_tst,не канал,,,,,,
st_pro_obwepit,не канал,,,,,,
stacy_egorovaaa,не канал,,,,,,
stanmill,не канал,,,,,,
starodubtsev7,не канал,,,,,,
startupcultur,не канал,,,,,,
startup_everyday,ok,725,2,2026-05-23…2026-05-23,0,0,
startupfast,ok,3.46K,6,2026-05-21…2026-08-05,0,0,
startuphelper,не канал,,,,,,
startuplocation,не канал,,,,,,
staryjvorch,не канал,,,,,,
stasikkksss,не канал,,,,,,
stasyakrasnova00,не канал,,,,,,
stella_mia_misti,не канал,,,,,,
stepanoff_it,не канал,,,,,,
sti_xa,не канал,,,,,,
stats_for_science,ok,5.56K,20,2026-06-23…2026-09-30,0,0,
stick17,ok,11.2K,20,2026-08-18…2026-09-29,0,0,
stickpeek,не канал,,,,,,
stick17_video,ok,68,15,2025-02-26…2026-04-08,0,0,
stlspace,не канал,,,,,,
stoic_qa,не канал,,,,,,
stoner_hand,не канал,,,,,,
street_wisdom,не канал,,,,,,
storiesbysilence,ok,174,14,2026-08-08…2026-09-26,0,0,
strekalovskih_a,не канал,,,,,,
strategia_vsego,ok,1.43K,11,2026-08-05…2026-09-29,1,0,Хватит нанимать по пиву
stroidoc,не канал,,,,,,
strokolskij_design,не канал,,,,,,
strong_analyst,не канал,,,,,,
stud_career,ok,16.2K,20,2026-09-11…2026-10-01,0,0,
studboxing,ok,451,15,2026-09-23…2026-09-30,0,0,
studia_kartoshka,ok,141,19,2026-06-26…2026-10-01,0,0,
stupidlamo,не канал,,,,,,
stuupakk,не канал,,,,,,
success_top1,не канал,,,,,,
suchk0va,не канал,,,,,,
substantsiya,ok,297,9,2025-07-06…2026-09-07,0,0,
sukhrabteleporta,не канал,,,,,,
sulimov_tg,не канал,,,,,,
superinterview,не канал,,,,,,
superllout,не канал,,,,,,
svelena777_otzyv,не канал,,,,,,
svelena777_price,не канал,,,,,,
suppagency,ok,682,9,2026-09-22…2026-10-01,0,0,
svetaweb,не канал,,,,,,
sveta_iz_internet,ok,537,15,2026-09-01…2026-09-30,0,0,
svetkinaulia,не канал,,,,,,
svetlana_motriy,не канал,,,,,,
svetlanaisaevapoet,не канал,,,,,,
svetlanaleadai,не канал,,,,,,
svogggg,не канал,,,,,,
syferz,не канал,,,,,,
swift_den,ok,1.44K,17,2026-05-11…2026-09-12,0,0,
syhanukao,не канал,,,,,,
synapse_gdh,не канал,,,,,,
synchronconsult_otzyvy,не канал,,,,,,
system_analytica,не канал,,,,,,
t4b_case,не канал,,,,,,
systview,ok,262,13,2026-09-11…2026-09-29,0,0,
t6str,не канал,,,,,,
t_kutepova,не канал,,,,,,
ta_samaja_masha,не канал,,,,,,
tactnick,не канал,,,,,,
talksales,не канал,,,,,,
tannikkkk,не канал,,,,,,
tamaragurieva,не канал,,,,,,
tanos_23,не канал,,,,,,
tanyalife74,не канал,,,,,,
tanyamineeva,не канал,,,,,,
tanyanovokshonova,не канал,,,,,,
tanyapanina,не канал,,,,,,
taovchinnikova,не канал,,,,,,
tarasova_trademark,ok,1.08K,20,2026-02-20…2026-09-30,0,0,
taraxov,не канал,,,,,,
tasha_hr,ok,65,17,2026-06-01…2026-09-30,0,0,
tarelkinlive,ok,3.83K,12,2026-08-25…2026-09-28,0,0,
tasktrecker,ok,329,10,2025-09-26…2025-11-07,0,0,
tatabaeva,не канал,,,,,,
tata_ignateva,не канал,,,,,,
tataurov,не канал,,,,,,
tatianayacenko,не канал,,,,,,
tatiyana_d,не канал,,,,,,
tatrum_works,не канал,,,,,,
tatrumgroup,ok,493,4,2026-08-08…2026-08-09,0,0,
tatyanapotehina,не канал,,,,,,
tayahova,ok,136,18,2026-08-09…2026-09-26,0,0,
taylenews,ok,892,18,2026-09-09…2026-10-01,0,0,
tdvpoint,не канал,,,,,,
tbeloglazov,ok,6.81K,12,2026-09-16…2026-10-01,0,0,
tea_frogg,не канал,,,,,,
teafrogg,не канал,,,,,,
tech_lead_rst,не канал,,,,,,
techbuiiion,не канал,,,,,,
teamlead_stories,ok,541,20,2026-07-23…2026-09-29,0,0,
techmindboost,не канал,,,,,,
tectos,не канал,,,,,,
tele_eve,ok,428K,17,2026-10-01…2026-10-01,0,0,
telega_ga,ok,657,20,2026-03-02…2026-09-24,0,0,
telelera,не канал,,,,,,
teleskywalk2205,не канал,,,,,,
tell_me_sasha,ok,158,18,2023-05-08…2025-09-26,0,0,
tenderland_hr,не канал,,,,,,
tenzzzo,не канал,,,,,,
teodorgrove,не канал,,,,,,
teplyakoffer,не канал,,,,,,
teplybeton,не канал,,,,,,
tequila0sunset,не канал,,,,,,
territoria_vidimosti,не канал,,,,,,
testerwritescode,не канал,,,,,,
termocreative,ok,198,4,2025-11-22…2026-07-07,0,0,
tetralux,не канал,,,,,,
testingqabug,ok,1.33K,20,2026-09-15…2026-10-01,0,0,
textualiti,ok,88,6,2024-12-24…2025-01-09,0,0,
text_jobs,ok,577,20,2026-04-08…2026-06-05,1,1,Стажировка со стипендией в Grechka Media
tezaurus_mironov,ok,656,17,2026-09-15…2026-10-01,2,0,В рекрутинге 80 шагов. Только 18 из них должны оставаться за человеком | #staffing
tfevgenii,не канал,,,,,,
tgang_community,не канал,,,,,,
tgbydanilov,не канал,,,,,,
that_is_fine,не канал,,,,,,
the_ambivalence_of_love,ok,180,9,2026-08-22…2026-09-29,0,0,
that_makessense,ok,237,14,2026-04-16…2026-09-08,0,0,
the_smern,не канал,,,,,,
the_marketing_man,ok,366,11,2026-08-13…2026-09-30,0,0,
thedagestani,не канал,,,,,,
theeoca,не канал,,,,,,
theerlangtrader,не канал,,,,,,
thedataeconomy,ok,755,18,2026-06-01…2026-09-27,0,0,
thegoldenexp,не канал,,,,,,
thefunisover,ok,227,12,2026-09-29…2026-10-01,0,0,
thehemyl,не канал,,,,,,
therealmeekey,не канал,,,,,,
theproductsamurai,ok,1.35K,20,2026-02-10…2026-09-30,3,3,Управление энергией | Про найм продактов | В пассивном поиске
thesecondscr,не канал,,,,,,
thereallavrush,ok,312,12,2025-12-10…2026-05-06,0,0,
thetalesbypchernenko,не канал,,,,,,
theunicornrider,не канал,,,,,,
thevelcoro,не канал,,,,,,
thezaycev,не канал,,,,,,
thinking_stone,не канал,,,,,,
this_canel,ok,19,20,2026-01-06…2026-09-05,0,0,
thoughts2table,не канал,,,,,,
tikhomirov_pro,не канал,,,,,,
tigi_writer,не канал,,,,,,
timakinamarketing,ok,203,4,2026-09-25…2026-10-01,0,0,
timashum,не канал,,,,,,
timmytherussian,не канал,,,,,,
timur_shaydullin,не канал,,,,,,
timorsiya,ok,444,16,2026-09-18…2026-10-01,0,0,
timurkuv,не канал,,,,,,
tina_iost,не канал,,,,,,
timurtaepov,ok,4.5K,20,2026-09-01…2026-09-29,0,0,
tinder_ekb,не канал,,,,,,
tiredtarget,не канал,,,,,,
tina_pro_ooh,ok,284,11,2026-09-05…2026-09-30,0,0,
tochkavhodahrbp,не канал,,,,,,
tomas2412,не канал,,,,,,
tomasztattoo,не канал,,,,,,
todual_education,ok,767,5,2026-09-02…2026-09-21,0,0,
tony_as,не канал,,,,,,
tonyproit,ok,1.11K,20,2025-05-06…2026-01-22,1,0,Почему мы теряем сильных кандидатов на собеседованиях — и как это исправить
top_service_people,не канал,,,,,,
top_marketologist,ok,1.03K,16,2026-08-18…2026-10-01,0,0,
toroponright,не канал,,,,,,
torsionauto,ok,985,20,2026-07-07…2026-09-28,0,0,
totoro_md,не канал,,,,,,
tovyshv,ok,37,20,2025-12-15…2026-05-25,0,0,
toxic_p_m,не канал,,,,,,
tp_agency,не канал,,,,,,
trading_investments_ru,не канал,,,,,,
trainingsales,не канал,,,,,,
travel_mik,не канал,,,,,,
traffic_channel,ok,140,18,2025-04-11…2026-06-25,0,0,
trend4brand,не канал,,,,,,
travel_territory,ok,1.03K,11,2026-07-15…2026-09-14,0,0,
trhethrefive,не канал,,,,,,
trend_fashion2_1_11,ok,6.12K,5,2026-10-01…2026-10-01,0,0,
tribute,не канал,,,,,,
tribeevent,не канал,,,,,,
trofimchukpishetatislushay,не канал,,,,,,
trueredorescue,ok,740,3,2026-08-28…2026-09-04,0,0,
try_durov,не канал,,,,,,
tryakinmikhail,не канал,,,,,,
trukhacheva_event,ok,237,19,2026-08-03…2026-09-29,0,0,
ts_naim,не канал,,,,,,
tsarlydey,не канал,,,,,,
tsolak_t,не канал,,,,,,
tseannavad,не канал,,,,,,
ttamagochii,не канал,,,,,,
tuganovav,не канал,,,,,,
tumanovalexey,не канал,,,,,,
tungulovs,не канал,,,,,,
turosnova,ok,707,7,2026-09-29…2026-10-01,0,0,
turpanova_feedback,ok,10,20,2025-09-22…2026-08-03,0,0,
turpanova_aa,ok,1.55K,18,2026-08-31…2026-10-01,0,0,
tvoiistochnik,не канал,,,,,,
turpanova_services,ok,14,15,2024-10-28…2024-10-28,0,0,
twinby,ok,15,4,2022-01-04…2023-11-26,0,0,
twisto_na_pulse,не канал,,,,,,
tytbudetinteresno,не канал,,,,,,
tyutlin,не канал,,,,,,
ualikhodjaeva,не канал,,,,,,
ubesmi,не канал,,,,,,
uchitelskaya5,не канал,,,,,,
uda_jj,не канал,,,,,,
udsbusiniss,не канал,,,,,,
ui_atelier,не канал,,,,,,
uiyart,не канал,,,,,,
ukubayeva1,не канал,,,,,,
ulayna_k,не канал,,,,,,
uliannamorozova,не канал,,,,,,
ultrasmartschool,ok,807,18,2026-09-21…2026-10-01,0,0,
ulyana_filmph,ok,405,9,2026-09-21…2026-09-29,0,0,
ulyanaplanidkina0_0,не канал,,,,,,
unakovskaya1,ok,126,18,2026-08-20…2026-09-23,0,0,
unbelovable,ok,625,20,2026-02-09…2026-08-18,0,0,
unisales,ok,3,2,2026-02-07…2026-02-07,0,0,
uncrn_sage,ok,394,18,2026-09-06…2026-09-27,0,0,
unirizz,ok,4.56K,19,2026-09-01…2026-10-01,0,0,
universitysport,ok,145,20,2023-10-02…2023-10-10,0,0,
uniworkteam,не канал,,,,,,
upacowca,не канал,,,,,,
unseen_media,ok,170,14,2026-03-06…2026-09-03,0,0,
urbs_ads,не канал,,,,,,
uralparmesan,ok,35,7,2026-06-29…2026-09-17,0,0,
urbankzn,ok,4.24K,13,2026-09-29…2026-10-01,0,0,
usa_for_people,не канал,,,,,,
usachevmoscow,не канал,,,,,,
user_polina,не канал,,,,,,
usenkoreport1,ok,1.03K,12,2026-09-20…2026-09-28,0,0,
username_is_invalid,не канал,,,,,,
username_marker,не канал,,,,,,
usersavchenko,не канал,,,,,,
ustimova_brandup,не канал,,,,,,
utochka_ne_dimon,не канал,,,,,,
uxmerzlov,не канал,,,,,,
ux_bulochnaya,ok,219,7,2026-08-03…2026-09-18,0,0,
uxui_reflections,ok,9,5,2025-04-09…2025-04-28,0,0,
uxui_rezhim,ok,5,3,2025-05-18…2025-05-18,0,0,
v1masha,не канал,,,,,,
v_lartseva,не канал,,,,,,
v_valenttina,не канал,,,,,,
vaalerrrria,не канал,,,,,,
vac_itt,не канал,,,,,,
vadimdrozdovsber,не канал,,,,,,
valensya14,не канал,,,,,,
valentina_pro_coach,не канал,,,,,,
valeriia_avitolog,не канал,,,,,,
valieva_natalya,не канал,,,,,,
valieva_natalya_art,не канал,,,,,,
valiullindesign,не канал,,,,,,
value_delivery,ok,272,20,2026-05-05…2026-09-24,0,0,
vamlyam,не канал,,,,,,
values_and_value,ok,84,20,2026-07-10…2026-10-01,0,0,
vanillaromas,ok,597,16,2026-08-25…2026-09-30,0,0,
varisjamies,ok,325,17,2026-09-09…2026-10-01,0,0,
vash_jrist,ok,234,18,2026-08-20…2026-09-29,0,0,
vasilenkoartemy,не канал,,,,,,
vashgc,ok,129,17,2026-06-18…2026-10-01,0,0,
vasilievit,ok,322,20,2026-06-23…2026-09-29,0,0,
vasiliykurakin,не канал,,,,,,
vasilyvanc,не канал,,,,,,
vasin_dom,ok,573,12,2026-03-15…2026-09-12,0,0,
vawdekor,ok,251,8,2026-06-04…2026-07-25,0,0,
vazhnonesrochno,ok,10.1K,18,2026-03-05…2026-08-17,0,0,
vecherpohojiinakardiogrammy,не канал,,,,,,
vcatuns,ok,26,17,2024-09-16…2024-11-04,0,0,
velichko_ilona,не канал,,,,,,
vegasdimaa,ok,124,6,2024-03-15…2025-08-29,0,0,
vendogor,не канал,,,,,,
velichtalks,ok,165,5,2026-08-30…2026-09-30,0,0,
velkoldinch,ok,308,17,2026-08-07…2026-10-01,0,0,
venera_proinvest,не канал,,,,,,
verona_hrgd,не канал,,,,,,
veronicafilina,не канал,,,,,,
veronicagavva,не канал,,,,,,
veronika_grishanova,не канал,,,,,,
veronikalipina1,не канал,,,,,,
veronikaserovikova,не канал,,,,,,
vfxboostproduction,не канал,,,,,,
vgaziev,не канал,,,,,,
viberrviberrr,не канал,,,,,,
vetkapital,ok,716,16,2025-09-19…2026-04-27,0,0,
victoriaaanm,не канал,,,,,,
victoriadsgn,не канал,,,,,,
victoripham,не канал,,,,,,
viko_dolani,не канал,,,,,,
viktmast,не канал,,,,,,
viktoria_batarchuk,не канал,,,,,,
viktoria_bzas,не канал,,,,,,
viktoria_morozzz,не канал,,,,,,
vinitsky,не канал,,,,,,
vinzhegin1,не канал,,,,,,
vipliukhin,не канал,,,,,,
vipsoglasie,не канал,,,,,,
visual,не канал,,,,,,
visual_pitch,не канал,,,,,,
visualizer_tatyana,не канал,,,,,,
vitaliyskop,не канал,,,,,,
vitalygorny,не канал,,,,,,
vizarchi,ok,95,4,2025-10-24…2026-04-29,0,0,
vkondrashin,не канал,,,,,,
vkonteksteel,не канал,,,,,,
vkusite,не канал,,,,,,
vl_vasilyev,не канал,,,,,,
vlad_latyshev_cg,не канал,,,,,,
vlad_protarget1,не канал,,,,,,
vlada_goreva,не канал,,,,,,
visualbreakfast,ok,137,3,2024-12-24…2025-02-20,0,0,
vladbespalov,не канал,,,,,,
vladlena_bp,не канал,,,,,,
vladimir_merkushev,ok,22K,20,2026-08-24…2026-09-30,0,0,
vladokur,не канал,,,,,,
vladislav_noskovets,ok,10.2K,12,2026-09-17…2026-10-01,2,0,Где сейчас искать работу и как попасть на | HR отказала кандидату в пользу него самого
vladosalch,не канал,,,,,,
vladpoweroff,не канал,,,,,,
vladprokhorenko,не канал,,,,,,
vlamaster,не канал,,,,,,
vld_ansh,не канал,,,,,,
vlasovwork,ok,636,17,2026-07-21…2026-09-11,0,0,
vldmrf,не канал,,,,,,
vlntrk,не канал,,,,,,
vlisenkov,не канал,,,,,,
vlrstrtsv,не канал,,,,,,
vlvolodina,не канал,,,,,,
vmestepromedia,ok,182,12,2026-09-12…2026-09-28,0,0,
vne_aiti,ok,1.03K,15,2026-08-25…2026-10-01,0,0,
vne_koda,ok,158,18,2026-02-23…2026-09-17,1,0,"Сломан ли рынок найма? С точки зрения кандидатов мы испытываем проблемы, предста"
vnuk_v_karmane,ok,318,20,2026-02-07…2026-03-25,0,0,
vnezapno_varya,ok,114,6,2026-09-22…2026-10-01,0,0,
vnukov_ilya,не канал,,,,,,
vojjj,ok,4,6,2024-11-25…2026-05-08,0,0,
voinskiyuchet,ok,17.2K,15,2026-09-23…2026-10-01,0,0,
volerftw,не канал,,,,,,
volkov_protraffic,не канал,,,,,,
vokich_dsgn,ok,60,13,2026-07-30…2026-09-25,0,0,
vonavikon,не канал,,,,,,
volvo_put,ok,175,5,2026-03-10…2026-07-30,0,0,
voppor41,не канал,,,,,,
vosemi9,не канал,,,,,,
vovakolpakooovofffficlal,ok,111,20,2026-06-14…2026-08-27,0,0,
vovakurochkin,не канал,,,,,,
vovchansssky,не канал,,,,,,
vovlekayu,не канал,,,,,,
vproeditor,не канал,,,,,,
vserii,не канал,,,,,,
vsemmema,ok,560,20,2026-09-28…2026-10-01,0,0,
vsegdavpotoke_07,ok,24,18,2025-12-05…2026-09-25,0,0,
vsvtnvv,не канал,,,,,,
vstile_mu,ok,33,12,2026-08-31…2026-09-27,0,0,
vv_b221,не канал,,,,,,
vszholobov,ok,17,10,2024-11-01…2026-04-05,0,0,
vvvmab,не канал,,,,,,
vyazhev_alexander,не канал,,,,,,
vyg1992,ok,98,4,2026-09-04…2026-09-10,0,0,
wadimix,не канал,,,,,,
wallet,не канал,,,,,,
w3bstudio,ok,20,2,2025-04-14…2025-04-14,0,0,
vynamnepodhodite,ok,2.1K,20,2026-04-06…2026-09-01,0,0,
wanna_b,ok,292,16,2026-08-11…2026-09-30,0,0,
wayps,не канал,,,,,,
waysofhope,ok,100,12,2026-09-24…2026-10-01,0,0,
wannab_psy,ok,279,18,2026-08-04…2026-09-24,0,0,
waytooblessed,не канал,,,,,,
wberova,не канал,,,,,,
we_will_call_youback,не канал,,,,,,
we_yovoo,не канал,,,,,,
welcome_livitx,ok,1,1,2024-03-10…2024-03-10,0,0,
websitespolinakelch,ok,51,11,2026-03-18…2026-05-15,0,0,
wearemosh,ok,266,12,2025-09-08…2026-01-23,1,0,Как прошел наш первый корпоратив? Да отлично
welcometothedarks1de,ok,32,5,2026-05-20…2026-07-15,0,0,
well_edu,ok,88,15,2024-06-12…2024-09-02,0,0,
wextr_tg,не канал,,,,,,
wh1tegloss,не канал,,,,,,
wesmaagency,ok,259,13,2025-01-23…2025-07-11,1,0,"Как закрыть вакансию: 5 проверенных способов, чтобы не прогореть"
whalesbones,не канал,,,,,,
whatamaak,ok,10.8K,11,2026-09-19…2026-10-01,0,0,
whathehr,ok,418,19,2026-06-08…2026-09-29,1,0,"Рекрутеры, почему в русских резюме пишете ""hiring-менеджеры"", ""опыт работы с hir"
whatis_vlad,ok,118,4,2026-07-03…2026-09-28,0,0,
whaznew,не канал,,,,,,
whatleradid,ok,121,12,2025-06-14…2026-05-21,0,0,
whosaidglebbb,не канал,,,,,,
whiterabits,ok,2.02K,18,2025-10-02…2026-06-09,0,0,
whycomb,ok,9,4,2026-05-12…2026-05-15,0,0,
whysooopretty,ok,2.46K,3,2026-09-26…2026-09-28,0,0,
william_ferguson,не канал,,,,,,
winfast91,не канал,,,,,,
winniepuhhh,не канал,,,,,,
winter_bear_05,не канал,,,,,,
witchcraftd,не канал,,,,,,
witchirinka,не канал,,,,,,
witzxc,не канал,,,,,,
wo0dpeker,не канал,,,,,,
wonderful_notes,не канал,,,,,,
wom_psyh,ok,1.63K,20,2025-03-31…2026-04-10,0,0,
workonhuman,не канал,,,,,,
worklifesushcheva,ok,56,15,2024-03-02…2026-09-24,1,0,Про рынок труда 2025
worldzemly_123,не канал,,,,,,
world_biz_marketing,ok,57,10,2025-03-13…2026-03-08,0,0,
wowsalesman,не канал,,,,,,
write2krasnikov,не канал,,,,,,
wowdubinskiy,ok,2.24K,12,2025-04-15…2026-07-21,1,0,Ищу продуктового менеджера в PropTech Яндекса
writer_with_soul,ok,73,16,2026-08-18…2026-10-01,0,0,
wtarget_career,не канал,,,,,,
wtfocus,не канал,,,,,,
writerka,ok,722,12,2026-08-04…2026-09-14,0,0,
xenia_product,ok,452,15,2026-09-03…2026-09-30,0,0,
xeniaaaak,не канал,,,,,,
xlok1e,не канал,,,,,,
xoxosweeetie,не канал,,,,,,
xvostikov,не канал,,,,,,
ya_demidova,не канал,,,,,,
ya_direct_expert,не канал,,,,,,
ya_na_krasote,не канал,,,,,,
ya_risuyu_kogda_stressuyu,ok,47,6,2026-09-26…2026-10-01,0,0,
ya_tozhe,ok,2.18K,6,2026-05-17…2026-06-16,0,0,
yaanant,не канал,,,,,,
yakimovanastasiya,не канал,,,,,,
yakovparamonov,не канал,,,,,,
yamaky,не канал,,,,,,
yana_adwile,не канал,,,,,,
yanaevs,не канал,,,,,,
yanachalnik_ru,ok,2.37K,20,2026-09-22…2026-10-01,0,0,
yannyshka,не канал,,,,,,
yaqa_jojik,не канал,,,,,,
yarchi69,не канал,,,,,,
yarlin_da,не канал,,,,,,
yarochkin_a,не канал,,,,,,
yarovikovandrey,не канал,,,,,,
yarstartup,не канал,,,,,,
yasyata,не канал,,,,,,
ydkuznet,не канал,,,,,,
yegor_fox,не канал,,,,,,
ygg_yg,не канал,,,,,,
yetanotherqa,ok,6.49K,19,2026-01-17…2026-09-24,0,0,
ygvknx,не канал,,,,,,
yiksyomaz,не канал,,,,,,
yndx_practicum,ok,33.9K,8,2026-09-22…2026-10-01,0,0,
ynwlf,не канал,,,,,,
yokarafrelance,не канал,,,,,,
youngboym,не канал,,,,,,
yourfavoritedesigner1,не канал,,,,,,
yriewumoria,не канал,,,,,,
yourselfirst,ok,675,9,2026-07-01…2026-08-24,0,0,
yulia_fintech,не канал,,,,,,
yu_path,ok,222,8,2026-03-31…2026-08-18,0,0,
yshlfe,ok,2.88K,20,2026-02-28…2026-08-10,0,0,
yulianiku,не канал,,,,,,
yulia_run_blog,ok,974,14,2026-09-26…2026-10-01,0,0,
yuliya_sluzhaeva,не канал,,,,,,
yuliyaohotnikova,ok,28,13,2026-08-20…2026-08-28,0,0,
yunoagency,ok,930,4,2026-09-11…2026-09-29,0,0,
yur1bro,не канал,,,,,,
yurajkl,не канал,,,,,,
yurapokrovsky,ok,1.85K,12,2026-07-30…2026-09-11,0,0,
yurevaasya,не канал,,,,,,
yurisprudenciaandsoon,ok,42,19,2026-05-17…2026-09-24,0,0,
yurii_yurii86,ok,1.96K,20,2026-07-27…2026-10-01,0,0,
yuriytikhomirov,не канал,,,,,,
yuryfranke,не канал,,,,,,
yurshtab888,не канал,,,,,,
yutahaven,не канал,,,,,,
yutaplant,не канал,,,,,,
yuverevkina,не канал,,,,,,
zab_ph,не канал,,,,,,
yvmatveev,не канал,,,,,,
zakalcode,не канал,,,,,,
zakharov_igor_pro,не канал,,,,,,
zakademia,ok,75,20,2026-06-02…2026-10-01,0,0,
zakharstar,не канал,,,,,,
zakup_with_gas0,не канал,,,,,,
zametki_zametk,не канал,,,,,,
zapuski_prodvizheniye,не канал,,,,,,
zapiski_pmki,ok,45,14,2026-07-18…2026-10-01,0,0,
zapusk_eksperta,ok,1.13K,14,2026-01-02…2026-09-18,0,0,
zattanna,не канал,,,,,,
zasql_python,ok,8.95K,19,2026-07-23…2026-09-29,0,0,
zazka,не канал,,,,,,
zaytsevvideo,ok,105,20,2026-06-11…2026-08-17,0,0,
zbsresearch,ok,213,18,2026-05-07…2026-09-25,0,0,
zdesmarketolog,ok,492,17,2026-07-07…2026-10-01,1,0,"«Мы наняли профессионального дизайнера, и посмотрите, как красиво получилось»,"
zdorovigkt,не канал,,,,,,
ze1enovsky_channel,не канал,,,,,,
zebrains,не канал,,,,,,
zelibobka,не канал,,,,,,
zeralinches,не канал,,,,,,
zesque,не канал,,,,,,
zexort,не канал,,,,,,
zhamalkinaa,не канал,,,,,,
zharkov_ks,не канал,,,,,,
zhdanova_pokrasote,не канал,,,,,,
zharagency,ok,2.14K,20,2026-04-17…2026-07-29,0,0,
zhenyas4,ok,390,19,2026-08-02…2026-09-30,0,0,
zheleznitskaya_edits,ok,280,10,2025-05-29…2026-08-24,0,0,
zheraleksbrand,не канал,,,,,,
zhivaya678,не канал,,,,,,
zhigalinanastasiia,ok,419,15,2026-09-17…2026-09-30,0,0,
zhizdesign,не канал,,,,,,
zhmykhovfin,не канал,,,,,,
zhuravleva_hr,не канал,,,,,,
zhuzha_92,не канал,,,,,,
zhuzhacorp,не канал,,,,,,
zim_ink,не канал,,,,,,
zissman,не канал,,,,,,
zlatapechataet,ok,203,6,2026-09-30…2026-10-01,0,0,
zone_creator,не канал,,,,,,
znaete,ok,5.51K,19,2026-07-23…2026-09-30,0,0,
zotova_yuliyao,не канал,,,,,,
zorikmarketing,ok,2.37K,9,2026-07-26…2026-09-26,0,0,
zsvetlanan,не канал,,,,,,
zozhdealer,не канал,,,,,,
zumbatyumen,не канал,,,,,,
ztdesign,не канал,,,,,,
zvuk_knig,не канал,,,,,,
zvyagina_projects,не канал,,,,,,
zybexoid,не канал,,,,,,
zyccio,не канал,,,,,,
zzzelya,не канал,,,,,,
